LocalDateTime,pet
2008-10-01,3.6511120608765975
2008-10-02,1.9217880331998582
2008-10-03,1.4255744299897755
2008-10-04,1.6173092723035605
2008-10-05,2.2241324411432997
2008-10-06,3.208557492031605
2008-10-07,3.3729514359255326
2008-10-08,2.7969124943278345
2008-10-09,2.262529625277787
2008-10-10,2.119258024099569
2008-10-11,2.240209514771767
2008-10-12,2.612673552537309
2008-10-13,3.3442484505852246
2008-10-14,3.438210240047573
2008-10-15,3.0640275841757134
2008-10-16,3.160926841175022
2008-10-17,3.0470136632570806
2008-10-18,2.931633930194078
2008-10-19,2.5718686620900817
2008-10-20,2.2952944704765224
2008-10-21,2.7103525241463378
2008-10-22,2.8020679096053565
2008-10-23,2.7948106156082115
2008-10-24,2.842508667892034
2008-10-25,2.6949542298500244
2008-10-26,2.9120364541147894
2008-10-27,2.124011619353708
2008-10-28,2.44427348236434
2008-10-29,2.574375858290568
2008-10-30,1.8859894938003314
2008-10-31,1.597486005511445
2008-11-01,1.151261017649466
2008-11-02,1.2456643518623112
2008-11-03,0.9251205117659544
2008-11-04,1.0901517811209978
2008-11-05,0.8931451091342374
2008-11-06,1.7033354983981814
2008-11-07,1.5824565669333719
2008-11-08,1.085883472684897
2008-11-09,1.1441113178109574
2008-11-10,1.445014587421951
2008-11-11,0.914776992895175
2008-11-12,1.2926012891859182
2008-11-13,1.6489644078877006
2008-11-14,1.3986634232684982
2008-11-15,1.4936401777324029
2008-11-16,1.4619059234856746
2008-11-17,1.4270865803860946
2008-11-18,1.5164881496642109
2008-11-19,1.383000472699487
2008-11-20,1.1755474497642517
2008-11-21,1.0623836574544936
2008-11-22,1.2631525119919245
2008-11-23,1.0378457082175772
2008-11-24,1.2192413139769829
2008-11-25,1.0395898777421269
2008-11-26,1.1090800100097793
2008-11-27,1.1775912331003326
2008-11-28,1.1975347866189516
2008-11-29,1.1664551739991145
2008-11-30,1.1454219430667334
2008-12-01,1.1365411661016402
2008-12-02,1.1701485933643228
2008-12-03,0.8986153818596971
2008-12-04,0.9163762610843447
2008-12-05,0.9266166096396394
2008-12-06,0.9232947155320966
2008-12-07,0.9559313693120508
2008-12-08,1.0618635537009464
2008-12-09,0.8269934108004281
2008-12-10,0.8678315553624586
2008-12-11,0.9856555112581625
2008-12-12,0.9872352509084673
2008-12-13,0.6162855097033572
2008-12-14,0.30515807450512406
2008-12-15,0.5037165235350152
2008-12-16,0.8537186699163012
2008-12-17,0.7626653051194824
2008-12-18,0.6806850040405652
2008-12-19,0.7672448993280069
2008-12-20,0.6200653375910897
2008-12-21,0.6725761511997829
2008-12-22,0.6175551793102585
2008-12-23,0.67388088133751
2008-12-24,0.6731908651925037
2008-12-25,0.6711168630383486
2008-12-26,0.5741170194369214
2008-12-27,0.6338544492696091
2008-12-28,0.6708109552881555
2008-12-29,0.7119526650732622
2008-12-30,0.8837297298403278
2008-12-31,0.9032639437127574
2009-01-01,0.89023634462974
2009-01-02,0.9859158350203218
2009-01-03,0.8138122684637747
2009-01-04,0.6950702517313222
2009-01-05,0.7464780815983062
2009-01-06,0.9512744138043087
2009-01-07,0.952142261126789
2009-01-08,1.0401166334924188
2009-01-09,0.9153128742699406
2009-01-10,0.9729272824871978
2009-01-11,1.013317466646833
2009-01-12,1.3075038605102616
2009-01-13,1.1627549649564117
2009-01-14,1.1214377019846826
2009-01-15,1.103629476395959
2009-01-16,1.1176830353590541
2009-01-17,1.1263447464550242
2009-01-18,1.1483849960926127
2009-01-19,1.1666648916267843
2009-01-20,1.1489455914442808
2009-01-21,0.9824362810244419
2009-01-22,0.912672207744478
2009-01-23,1.2143833554396912
2009-01-24,0.955406507709828
2009-01-25,0.9256562028090672
2009-01-26,1.144138052452768
2009-01-27,1.1724298788708405
2009-01-28,1.4741584693344454
2009-01-29,1.5000331984323099
2009-01-30,1.503516740081849
2009-01-31,1.5384610472805564
2009-02-01,1.5155732680646192
2009-02-02,1.621854287102773
2009-02-03,2.0868877846257563
2009-02-04,1.8869705773391927
2009-02-05,1.0723576989808403
2009-02-06,1.2452873234985313
2009-02-07,1.6392335145052532
2009-02-08,1.2824070559641465
2009-02-09,0.9780620111193051
2009-02-10,0.8362764014187558
2009-02-11,0.9843880245740354
2009-02-12,1.0635589339386142
2009-02-13,0.7722202593014872
2009-02-14,0.9891515922578014
2009-02-15,1.189210242500253
2009-02-16,0.7096915844465235
2009-02-17,1.2340227739416454
2009-02-18,1.567940296917145
2009-02-19,1.9309874192201069
2009-02-20,2.206059965297053
2009-02-21,2.1524555193879813
2009-02-22,1.0103059001742447
2009-02-23,1.2341656588059646
2009-02-24,1.5449544760632707
2009-02-25,1.0759340102324269
2009-02-26,1.4637394402373112
2009-02-27,2.011646441440975
2009-02-28,2.532387059239506
2009-03-01,1.4014998968776273
2009-03-02,1.3317858326178804
2009-03-03,1.216567375607335
2009-03-04,1.5840149605863527
2009-03-05,1.823812571598276
2009-03-06,1.7697640596526507
2009-03-07,2.3870619995807747
2009-03-08,1.9543529608258372
2009-03-09,1.7476946122021344
2009-03-10,2.2234012086216413
2009-03-11,2.4387080330647355
2009-03-12,2.904063594742767
2009-03-13,2.9343972119635544
2009-03-14,1.5957830663607928
2009-03-15,1.0866053210494
2009-03-16,1.2089299352527059
2009-03-17,2.1521050476733183
2009-03-18,3.0630154026770984
2009-03-19,3.017744958368324
2009-03-20,3.0180676971662455
2009-03-21,1.7399738274155612
2009-03-22,1.703331215843474
2009-03-23,2.2862881389160767
2009-03-24,3.294598569313351
2009-03-25,2.9712626746055877
2009-03-26,3.068485856687637
2009-03-27,4.010308456180373
2009-03-28,3.4172392209750884
2009-03-29,2.4678340603294733
2009-03-30,3.546301406926576
2009-03-31,3.570754348693215
2009-04-01,3.216979801002867
2009-04-02,2.3510376359962635
2009-04-03,2.439219708528036
2009-04-04,3.259601907295406
2009-04-05,3.932735611015217
2009-04-06,4.476089649935344
2009-04-07,2.7872925623287426
2009-04-08,1.9633815079202777
2009-04-09,1.6195472684050942
2009-04-10,2.6415161179906623
2009-04-11,3.0973127277056873
2009-04-12,3.2118209625171756
2009-04-13,3.0650720238643947
2009-04-14,2.032435292807113
2009-04-15,2.734448420854164
2009-04-16,3.5895483074992303
2009-04-17,4.039556101895381
2009-04-18,5.013324015489362
2009-04-19,5.713734730880784
2009-04-20,6.0824403534239675
2009-04-21,6.384565118453411
2009-04-22,5.785667174746983
2009-04-23,3.6413295335396847
2009-04-24,2.9745940582319723
2009-04-25,3.602274767534335
2009-04-26,3.772666257777946
2009-04-27,3.002202018018572
2009-04-28,2.8205069212327207
2009-04-29,3.1950921973595787
2009-04-30,3.5897894137006405
2009-05-01,3.385755267769
2009-05-02,1.5120388025909584
2009-05-03,3.19757904837314
2009-05-04,2.6517366343107045
2009-05-05,3.4881477242700893
2009-05-06,2.8439202312988137
2009-05-07,4.161424371801285
2009-05-08,5.054109519765759
2009-05-09,5.179956202694804
2009-05-10,5.288096767662995
2009-05-11,4.471988803909072
2009-05-12,4.123801097257031
2009-05-13,4.801978443737646
2009-05-14,4.583802165260759
2009-05-15,5.766703238489331
2009-05-16,7.4015768077197635
2009-05-17,7.297492932476612
2009-05-18,6.335201110787348
2009-05-19,4.6626019337309845
2009-05-20,5.492924982213209
2009-05-21,5.871678321137157
2009-05-22,5.948820590462016
2009-05-23,5.454302607756762
2009-05-24,5.3402374915224
2009-05-25,6.021085073409223
2009-05-26,6.37060006545599
2009-05-27,6.983068679480992
2009-05-28,6.75849569702872
2009-05-29,6.053304299282082
2009-05-30,5.264830241606355
2009-05-31,5.542783050602781
2009-06-01,4.658960513624478
2009-06-02,4.624257658661813
2009-06-03,5.446452224593736
2009-06-04,3.1745663971154086
2009-06-05,2.1910592099841626
2009-06-06,4.175432224822323
2009-06-07,4.315573579479827
2009-06-08,5.128728594095353
2009-06-09,3.954024409641376
2009-06-10,3.784437613995292
2009-06-11,4.178865771450671
2009-06-12,4.337709808400053
2009-06-13,3.5805792648382857
2009-06-14,3.4159943851013925
2009-06-15,4.720758766459709
2009-06-16,6.042391138686581
2009-06-17,6.237960776939163
2009-06-18,6.700430684033211
2009-06-19,5.4041775933703065
2009-06-20,4.022732464797673
2009-06-21,5.03444561646542
2009-06-22,6.548859479591529
2009-06-23,7.595254915526713
2009-06-24,7.239074428113962
2009-06-25,6.474958927418263
2009-06-26,7.3238199051307875
2009-06-27,8.46547825249674
2009-06-28,8.170377659378484
2009-06-29,7.999382453844314
2009-06-30,7.452636969220497
2009-07-01,7.2540470553390515
2009-07-02,7.272677325464476
2009-07-03,7.437437599442484
2009-07-04,7.149789615292882
2009-07-05,4.809380658746033
2009-07-06,4.9145438095324785
2009-07-07,6.057132514285734
2009-07-08,5.6661359907773265
2009-07-09,5.866817089978098
2009-07-10,5.600777550378245
2009-07-11,5.620463618323025
2009-07-12,5.334851176339765
2009-07-13,7.17410125562479
2009-07-14,8.051187428701477
2009-07-15,7.865539689150573
2009-07-16,7.880500596936115
2009-07-17,8.452452790023523
2009-07-18,8.059185947314445
2009-07-19,8.15574148569379
2009-07-20,7.632894253501739
2009-07-21,6.74237168622297
2009-07-22,7.031779874177138
2009-07-23,7.067468874318747
2009-07-24,6.6873255455269085
2009-07-25,7.05099633964383
2009-07-26,7.793945873340672
2009-07-27,8.004280224976688
2009-07-28,7.535470603734867
2009-07-29,6.1534972807035695
2009-07-30,6.429550691668215
2009-07-31,6.208443442295541
2009-08-01,6.541078790831811
2009-08-02,5.124697254166974
2009-08-03,5.2846766628699005
2009-08-04,4.5310945650277015
2009-08-05,4.703085062020175
2009-08-06,2.6847822159960493
2009-08-07,4.673542318463061
2009-08-08,5.923457672558859
2009-08-09,6.245171976957444
2009-08-10,7.591688235228719
2009-08-11,6.889994985292158
2009-08-12,6.1875680838122555
2009-08-13,5.3339015116900494
2009-08-14,5.312953194622879
2009-08-15,6.056420734594187
2009-08-16,6.60114557802638
2009-08-17,6.820649911385323
2009-08-18,7.231383683184577
2009-08-19,6.656404251855542
2009-08-20,6.470823996326103
2009-08-21,6.844080714780632
2009-08-22,6.237829174647202
2009-08-23,5.255439048695354
2009-08-24,5.231242439959653
2009-08-25,5.611096179288951
2009-08-26,5.671484274822397
2009-08-27,6.477208859809111
2009-08-28,5.973740696124884
2009-08-29,5.859716946881809
2009-08-30,5.364441443979947
2009-08-31,4.071209328030397
2009-09-01,4.847907373235595
2009-09-02,5.676528328885704
2009-09-03,5.130938986172384
2009-09-04,4.846806118187874
2009-09-05,3.5281727475712237
2009-09-06,4.098817750042287
2009-09-07,4.223780385646413
2009-09-08,5.256129212618647
2009-09-09,5.356131307398215
2009-09-10,5.794296190912662
2009-09-11,6.009714699177447
2009-09-12,4.867809306593295
2009-09-13,3.63943136123081
2009-09-14,2.8775382661046205
2009-09-15,3.9638197291058144
2009-09-16,4.210272715192515
2009-09-17,4.499916846749715
2009-09-18,5.207056521425571
2009-09-19,4.437268484914551
2009-09-20,4.93912615403731
2009-09-21,5.35540232368582
2009-09-22,5.590066750006878
2009-09-23,5.4995132762359935
2009-09-24,5.227529123657541
2009-09-25,5.371375739945883
2009-09-26,5.95280488014316
2009-09-27,5.70294290959477
2009-09-28,3.7467203667497224
2009-09-29,2.5008120511066867
2009-09-30,3.0971840309598266
2009-10-01,3.932622778209106
2009-10-02,3.4891695703298335
2009-10-03,2.4870689640027757
2009-10-04,2.2154857335788534
2009-10-05,2.857443390037542
2009-10-06,3.266452698007459
2009-10-07,3.5177172733727833
2009-10-08,3.314540253190669
2009-10-09,3.544925175384977
2009-10-10,3.494314712760625
2009-10-11,2.307997879029578
2009-10-12,1.5310877939465706
2009-10-13,1.2599209793900639
2009-10-14,1.4069677213920482
2009-10-15,2.369403952960592
2009-10-16,2.8292728981700894
2009-10-17,2.5665360958772037
2009-10-18,2.0569853470783857
2009-10-19,1.7061476233775439
2009-10-20,2.2527109783911294
2009-10-21,2.3100166937299322
2009-10-22,2.270312826554757
2009-10-23,2.5779182128616083
2009-10-24,2.230615069300142
2009-10-25,2.414213977376671
2009-10-26,2.0823813444227137
2009-10-27,1.6293718156516748
2009-10-28,1.8009755852591944
2009-10-29,2.1470059294413364
2009-10-30,2.2849220025001045
2009-10-31,2.088101697360614
2009-11-01,2.123675277513262
2009-11-02,2.0776643330800617
2009-11-03,2.164554065958111
2009-11-04,1.9427384568028734
2009-11-05,1.0460751725502873
2009-11-06,1.4094844199494925
2009-11-07,1.4421496046667495
2009-11-08,1.5637980960310245
2009-11-09,1.3849210488043917
2009-11-10,1.2622367726552028
2009-11-11,1.1778461962504112
2009-11-12,1.2777687983915607
2009-11-13,1.242735889808249
2009-11-14,1.2860039648659622
2009-11-15,1.4413320727182923
2009-11-16,1.3893616152368697
2009-11-17,1.0195600188461036
2009-11-18,1.1271352781157122
2009-11-19,1.0827281255658394
2009-11-20,0.9274500104478937
2009-11-21,1.018677491882784
2009-11-22,1.0964569976499405
2009-11-23,1.0236624093598183
2009-11-24,1.1617720065389403
2009-11-25,1.1677861265185356
2009-11-26,1.2035037404234115
2009-11-27,0.9722094639812853
2009-11-28,1.2619984542222298
2009-11-29,1.0433812793712964
2009-11-30,1.0476677061840196
2009-12-01,1.0148877712905962
2009-12-02,0.9592351338056347
2009-12-03,0.9275870273003222
2009-12-04,1.1508732716994372
2009-12-05,0.9051878536801146
2009-12-06,0.75597558214438
2009-12-07,0.7021852496684622
2009-12-08,0.7425390936614387
2009-12-09,0.7714052359006434
2009-12-10,0.7180136404948395
2009-12-11,0.8213786684496779
2009-12-12,0.6962658889948575
2009-12-13,0.9862388278388907
2009-12-14,0.8582077534205519
2009-12-15,0.5876198285832063
2009-12-16,0.9152726127183115
2009-12-17,0.8353463369060414
2009-12-18,0.9741708116213357
2009-12-19,1.0820825935634604
2009-12-20,0.5753204717279335
2009-12-21,0.909738908883785
2009-12-22,0.7549266838697358
2009-12-23,0.6679286338841312
2009-12-24,0.8056153604882266
2009-12-25,0.7548479643755189
2009-12-26,0.6640478558907824
2009-12-27,0.8436312896017433
2009-12-28,0.828100534747434
2009-12-29,0.5481009129546158
2009-12-30,0.8644909813051906
2009-12-31,0.7850568526247917
2010-01-01,0.8263983525713444
2010-01-02,0.9283950204093355
2010-01-03,0.9779377863145299
2010-01-04,0.9379395711264543
2010-01-05,1.036959043184477
2010-01-06,1.0807784479013274
2010-01-07,1.2634608084066579
2010-01-08,0.9257589246624416
2010-01-09,0.9758675520871186
2010-01-10,0.9524536297424069
2010-01-11,1.2312603101732016
2010-01-12,0.6682616319003497
2010-01-13,0.9360532915527567
2010-01-14,1.116121310831175
2010-01-15,0.9934267106778683
2010-01-16,0.9619170500854242
2010-01-17,0.6675342897999101
2010-01-18,0.8017171678002307
2010-01-19,0.6662026619677126
2010-01-20,0.6050436388982727
2010-01-21,0.5309970683616186
2010-01-22,0.7180046076256382
2010-01-23,0.8665017246591676
2010-01-24,0.7175996704384492
2010-01-25,0.5601257262846797
2010-01-26,1.2328896137711873
2010-01-27,1.3938843239100764
2010-01-28,1.2845652173154694
2010-01-29,1.0397896656584904
2010-01-30,1.0592599143571282
2010-01-31,1.2009233673318522
2010-02-01,0.6277749839933014
2010-02-02,1.0564460221409124
2010-02-03,0.9649609658389794
2010-02-04,0.9829209391393156
2010-02-05,1.2331139047275506
2010-02-06,0.8587110819623518
2010-02-07,1.2198422938832674
2010-02-08,1.1903326005061747
2010-02-09,1.4263117055161691
2010-02-10,1.1386693505108345
2010-02-11,1.1812188249636357
2010-02-12,1.3393428733170265
2010-02-13,1.7450632752097903
2010-02-14,1.2627087407547226
2010-02-15,1.8865004663224945
2010-02-16,2.1282888427145625
2010-02-17,2.2172285319943787
2010-02-18,1.975821631029405
2010-02-19,1.9652605072440301
2010-02-20,0.8892680683536259
2010-02-21,1.4744940583175266
2010-02-22,1.9296518876667499
2010-02-23,1.191550229492799
2010-02-24,1.4698908433156035
2010-02-25,1.6646089963632564
2010-02-26,1.5654218155019248
2010-02-27,1.9425857360823566
2010-02-28,2.3494085559885236
2010-03-01,2.122091516271492
2010-03-02,1.2726786552625382
2010-03-03,1.2990330713378164
2010-03-04,1.8323285307883777
2010-03-05,1.7969516582815308
2010-03-06,2.614854089824198
2010-03-07,2.3343207678099898
2010-03-08,1.2427471729197743
2010-03-09,1.615770492944516
2010-03-10,1.8872447572826174
2010-03-11,2.168239643330717
2010-03-12,1.5998174931188556
2010-03-13,1.9473574143950934
2010-03-14,2.586438229094967
2010-03-15,3.1324636838383824
2010-03-16,2.478625706363093
2010-03-17,3.287662898966741
2010-03-18,3.968908200703559
2010-03-19,4.112594501736288
2010-03-20,3.1614707582626687
2010-03-21,2.2403487894585012
2010-03-22,2.6817392057700267
2010-03-23,3.5620282447932725
2010-03-24,2.655778134663333
2010-03-25,1.6883932392258996
2010-03-26,2.643613074385374
2010-03-27,3.2766858558583283
2010-03-28,2.473665626469773
2010-03-29,1.5257819173221554
2010-03-30,1.8181069141044925
2010-03-31,1.3202574493548216
2010-04-01,1.9749741769148603
2010-04-02,2.0391857747568323
2010-04-03,2.0706800254526594
2010-04-04,1.2516474513873004
2010-04-05,1.938788443558129
2010-04-06,2.652732240886633
2010-04-07,4.027599606518555
2010-04-08,2.6598607356412773
2010-04-09,3.9660822131835647
2010-04-10,2.266337892890832
2010-04-11,1.7423140938968211
2010-04-12,2.118758536985344
2010-04-13,2.2853480825863133
2010-04-14,2.3052661519938824
2010-04-15,3.499768251628514
2010-04-16,3.521427433695273
2010-04-17,3.3292595944692454
2010-04-18,4.376172633106963
2010-04-19,3.323335909839981
2010-04-20,1.7270894832571357
2010-04-21,1.9585061037430134
2010-04-22,3.8267014686706835
2010-04-23,4.677629615382868
2010-04-24,4.09539335092533
2010-04-25,5.335602208673459
2010-04-26,3.9813538599918243
2010-04-27,2.4139182322919446
2010-04-28,2.0548544673291356
2010-04-29,2.672599359309883
2010-04-30,3.758030332416677
2010-05-01,4.0238071138498634
2010-05-02,4.916335165267625
2010-05-03,4.344093928639266
2010-05-04,4.408404004393476
2010-05-05,3.64481728142757
2010-05-06,4.523315834202553
2010-05-07,4.309237052477104
2010-05-08,3.8050788347459186
2010-05-09,2.6621371351147056
2010-05-10,2.0674745555210388
2010-05-11,3.969819025054554
2010-05-12,4.764237243401915
2010-05-13,5.10998633482139
2010-05-14,5.374754734830744
2010-05-15,5.237285742835328
2010-05-16,4.418848177666895
2010-05-17,2.234249851916725
2010-05-18,2.9174780366185153
2010-05-19,2.684099666468849
2010-05-20,3.398181682971551
2010-05-21,2.6575960339887477
2010-05-22,2.578379458355458
2010-05-23,3.6466990756766613
2010-05-24,3.4296963636751436
2010-05-25,1.934976244170828
2010-05-26,2.4823917806621263
2010-05-27,2.461549741342613
2010-05-28,3.8287007232047743
2010-05-29,5.430023428136979
2010-05-30,5.572440375298134
2010-05-31,3.7884587459500882
2010-06-01,3.960082784958686
2010-06-02,3.784169729408982
2010-06-03,2.9769793673800056
2010-06-04,2.9417590835938405
2010-06-05,4.9099988310567095
2010-06-06,4.42672865599036
2010-06-07,5.232072944119914
2010-06-08,4.736760251795161
2010-06-09,2.4481860165860274
2010-06-10,3.7497586064111177
2010-06-11,5.403965216598735
2010-06-12,6.810711748775445
2010-06-13,7.145600583737335
2010-06-14,5.881098852993102
2010-06-15,5.379756021719139
2010-06-16,5.265937361301428
2010-06-17,5.274854372507534
2010-06-18,4.349112360634839
2010-06-19,4.251102212444628
2010-06-20,5.304775572873565
2010-06-21,6.283655223181205
2010-06-22,6.289906706239449
2010-06-23,6.144226511619503
2010-06-24,5.189021726074495
2010-06-25,5.875399541824883
2010-06-26,7.069518390929698
2010-06-27,7.2414252821128
2010-06-28,6.971691134647917
2010-06-29,5.929275463362156
2010-06-30,5.606250795093065
2010-07-01,5.165567449216327
2010-07-02,5.7627030963739925
2010-07-03,6.4846771155244705
2010-07-04,7.520599495302853
2010-07-05,6.913876005750816
2010-07-06,5.779689073496069
2010-07-07,6.4804553879699185
2010-07-08,6.801751183677433
2010-07-09,6.8002954520479255
2010-07-10,6.836624871486175
2010-07-11,7.069341350143698
2010-07-12,6.221886817209923
2010-07-13,5.593289768563367
2010-07-14,6.822739273267374
2010-07-15,7.332398306634539
2010-07-16,7.945963093249244
2010-07-17,7.366760584731745
2010-07-18,7.134843381075398
2010-07-19,7.295893280225768
2010-07-20,7.55641528402894
2010-07-21,6.619255849556137
2010-07-22,7.2110305037069615
2010-07-23,6.579085973341451
2010-07-24,6.957198283882849
2010-07-25,6.467170943285569
2010-07-26,5.671011995906763
2010-07-27,5.185636115445324
2010-07-28,5.543844254688518
2010-07-29,6.2107526884361866
2010-07-30,6.571538309427105
2010-07-31,6.040725106476686
2010-08-01,6.576027338839986
2010-08-02,6.52064399802206
2010-08-03,6.814656651573544
2010-08-04,6.293046498205611
2010-08-05,6.357067910693793
2010-08-06,6.526755584005139
2010-08-07,6.132503580809971
2010-08-08,5.972861232151635
2010-08-09,5.927487044022559
2010-08-10,5.44724323035524
2010-08-11,4.560796346255279
2010-08-12,5.7640537505979506
2010-08-13,5.624146646994497
2010-08-14,5.0076863331468555
2010-08-15,5.491321306492395
2010-08-16,6.319802322400159
2010-08-17,4.298501712611049
2010-08-18,4.84476868238359
2010-08-19,6.321103700623294
2010-08-20,5.647199663455686
2010-08-21,3.841243675918
2010-08-22,5.323228407595814
2010-08-23,6.615396546356244
2010-08-24,7.132090195390173
2010-08-25,7.538573665594923
2010-08-26,5.7631189852538975
2010-08-27,4.8455093892203065
2010-08-28,3.454402559904646
2010-08-29,4.213762930986255
2010-08-30,4.250606344025426
2010-08-31,4.983279495337725
2010-09-01,6.039520419130428
2010-09-02,5.843132854351449
2010-09-03,5.819480797009114
2010-09-04,5.7466738085102
2010-09-05,4.894644437795237
2010-09-06,5.686769106898363
2010-09-07,4.1290833325012954
2010-09-08,3.081385676680426
2010-09-09,3.5852457767485695
2010-09-10,4.432610738429262
2010-09-11,4.714067497079695
2010-09-12,5.130304299287737
2010-09-13,4.319632478892329
2010-09-14,4.582868228903817
2010-09-15,4.149917826478166
2010-09-16,4.371983035728718
2010-09-17,2.3484078444871925
2010-09-18,2.395280620078324
2010-09-19,2.277090002000057
2010-09-20,3.154340100922059
2010-09-21,2.7992719929977867
2010-09-22,3.1043720489944784
2010-09-23,3.791011655442086
2010-09-24,4.364740416270816
2010-09-25,4.614826505693269
2010-09-26,4.5837714940017555
2010-09-27,5.034436264199805
2010-09-28,5.0458297221495645
2010-09-29,5.184885755331325
2010-09-30,4.648206597763268
2010-10-01,3.8579361659859672
2010-10-02,4.2543849116545465
2010-10-03,3.093493812344145
2010-10-04,2.6904272727703518
2010-10-05,3.451293629472441
2010-10-06,2.804541877577395
2010-10-07,2.399710346477233
2010-10-08,2.624038758980181
2010-10-09,3.225530140620514
2010-10-10,3.393363973821673
2010-10-11,3.802400285415402
2010-10-12,3.9620924536642828
2010-10-13,3.951985181446585
2010-10-14,3.5852229827377085
2010-10-15,3.355201304085585
2010-10-16,2.9255463435664493
2010-10-17,2.2975282213544284
2010-10-18,3.0941093113763256
2010-10-19,3.2087411881394097
2010-10-20,2.883019520257941
2010-10-21,1.3636974376902042
2010-10-22,1.247584679570632
2010-10-23,1.3183451973655937
2010-10-24,1.370825318953991
2010-10-25,1.3660908692415388
2010-10-26,1.5838404773770391
2010-10-27,1.325411467076338
2010-10-28,0.6126164041197322
2010-10-29,1.2386410724060972
2010-10-30,1.134519344219583
2010-10-31,1.4014391001827267
2010-11-01,1.8805408997628525
2010-11-02,1.934352337736485
2010-11-03,1.9306727014540561
2010-11-04,2.0756533397551875
2010-11-05,1.3570018866711526
2010-11-06,1.3862432432170393
2010-11-07,1.2445620983715204
2010-11-08,1.2564009554971551
2010-11-09,1.0812067198204693
2010-11-10,1.1762784657953256
2010-11-11,1.2818511645537731
2010-11-12,1.4457548297163691
2010-11-13,1.7280847264921932
2010-11-14,1.7077177555394427
2010-11-15,1.5790493227191034
2010-11-16,1.5063418143622673
2010-11-17,1.386506189796354
2010-11-18,1.143983431087275
2010-11-19,0.7592997986403485
2010-11-20,0.6406431691086973
2010-11-21,0.8089752715246533
2010-11-22,0.757911561639997
2010-11-23,0.9417125596306598
2010-11-24,0.8868963603139987
2010-11-25,0.9401333167121093
2010-11-26,0.870247259801504
2010-11-27,0.7829838388456097
2010-11-28,0.844185175743052
2010-11-29,0.8456571942315184
2010-11-30,1.0630742751883513
2010-12-01,0.7200941012223111
2010-12-02,0.5473734371657363
2010-12-03,0.8707570920196881
2010-12-04,0.9030929445937494
2010-12-05,1.1728198657084974
2010-12-06,0.9424425980666999
2010-12-07,1.0763999695721127
2010-12-08,0.6232878002175313
2010-12-09,0.6731197356048545
2010-12-10,0.840251112107102
2010-12-11,0.8349120110395148
2010-12-12,0.7760585646684475
2010-12-13,0.7507428324144294
2010-12-14,0.980052018301564
2010-12-15,0.9414476145289488
2010-12-16,0.6903151888729494
2010-12-17,0.9920291162509182
2010-12-18,0.7413795952887168
2010-12-19,0.6210726656684439
2010-12-20,0.4373090603821405
2010-12-21,0.7048190757056546
2010-12-22,0.9706377087484137
2010-12-23,0.9802832424055479
2010-12-24,0.9045676380293417
2010-12-25,0.9252490998459413
2010-12-26,0.6800894390463836
2010-12-27,0.7842236680726243
2010-12-28,0.7090324637118868
2010-12-29,0.8746816994496112
2010-12-30,0.7926314539095006
2010-12-31,0.6257194744144905
2011-01-01,0.714800113930538
2011-01-02,0.879139044630273
2011-01-03,0.9729804757771761
2011-01-04,1.012289564844476
2011-01-05,0.7202457629473046
2011-01-06,0.6850608537189918
2011-01-07,0.7206048857890051
2011-01-08,0.9701583048357245
2011-01-09,0.9136402590593692
2011-01-10,0.8463912467255487
2011-01-11,0.9881870487155852
2011-01-12,0.9190847108928074
2011-01-13,0.8788859939886383
2011-01-14,1.14239237803021
2011-01-15,1.2229792329713882
2011-01-16,1.2878836441294337
2011-01-17,1.2492966242015244
2011-01-18,1.2509783642489536
2011-01-19,1.3008414236980048
2011-01-20,1.2001008394599937
2011-01-21,1.3069743582438251
2011-01-22,1.2590284703309953
2011-01-23,1.479354366098001
2011-01-24,1.3590269242719075
2011-01-25,1.2913765454650208
2011-01-26,1.4416172660382565
2011-01-27,1.5045066577658586
2011-01-28,1.4926618547304498
2011-01-29,1.0776598989012538
2011-01-30,1.2025570298107013
2011-01-31,1.4840604864714186
2011-02-01,1.4254830988674505
2011-02-02,1.3302595117077312
2011-02-03,1.4547684700601404
2011-02-04,1.6695564114100416
2011-02-05,1.8277890024466206
2011-02-06,1.8298892885491678
2011-02-07,1.7505207673955394
2011-02-08,1.4608422193768278
2011-02-09,1.810700520030182
2011-02-10,1.8723988774260278
2011-02-11,2.0742415957738856
2011-02-12,2.1011622679948108
2011-02-13,1.888513661029166
2011-02-14,1.2398868695486953
2011-02-15,1.151530208764447
2011-02-16,0.7113163543401488
2011-02-17,0.598642136290349
2011-02-18,1.2534535849232054
2011-02-19,1.4073483891611194
2011-02-20,1.4960318993267998
2011-02-21,1.53909047612344
2011-02-22,1.7108255826584486
2011-02-23,1.5885465108659103
2011-02-24,0.9236942100567285
2011-02-25,1.1673588005365712
2011-02-26,1.3708855047285555
2011-02-27,1.5829196318141172
2011-02-28,1.2501030701368328
2011-03-01,1.7616744289763628
2011-03-02,1.085636510000172
2011-03-03,1.9880934133904662
2011-03-04,2.1485046523606264
2011-03-05,1.4072775469672867
2011-03-06,2.213002939813865
2011-03-07,1.3079168090099103
2011-03-08,1.4161246484658276
2011-03-09,1.850930277282644
2011-03-10,1.8165423392165578
2011-03-11,2.137515388170078
2011-03-12,1.7100522674991039
2011-03-13,1.6178472274711615
2011-03-14,1.9499738598474923
2011-03-15,1.3195553322799223
2011-03-16,1.7948926072443854
2011-03-17,1.574675249925883
2011-03-18,1.503063342379349
2011-03-19,1.2886532636941366
2011-03-20,1.1728010765702273
2011-03-21,1.6019693308936829
2011-03-22,2.0912592561792778
2011-03-23,1.5453626209479545
2011-03-24,1.45959393259426
2011-03-25,1.3856509501157253
2011-03-26,1.3949219282532446
2011-03-27,1.5133737611527949
2011-03-28,2.5362651750290013
2011-03-29,2.748904677404219
2011-03-30,4.1605760517775146
2011-03-31,4.6950818657403035
2011-04-01,4.477816613137909
2011-04-02,2.9296641285090583
2011-04-03,3.4928695361872553
2011-04-04,4.426193932121222
2011-04-05,3.1697889006737303
2011-04-06,2.478036103945951
2011-04-07,1.9570073933198127
2011-04-08,3.1284689489895676
2011-04-09,3.1111756389792466
2011-04-10,2.7338441814723993
2011-04-11,2.7689786969537806
2011-04-12,2.7670535401361236
2011-04-13,2.3538470294187377
2011-04-14,2.6700319066619222
2011-04-15,2.588375078142503
2011-04-16,2.920723113926776
2011-04-17,2.2547232845876173
2011-04-18,2.6023348744477426
2011-04-19,3.5156618814601654
2011-04-20,2.4627043574221856
2011-04-21,3.1260949320960303
2011-04-22,3.1860952691094897
2011-04-23,3.036940888751973
2011-04-24,2.5006689560038415
2011-04-25,2.652316176665143
2011-04-26,3.1671798784338683
2011-04-27,3.876593215670738
2011-04-28,2.691357209580499
2011-04-29,3.524965417619376
2011-04-30,4.527127734184884
2011-05-01,4.87966713651222
2011-05-02,4.577073651275953
2011-05-03,5.1496739019185505
2011-05-04,6.383211539200029
2011-05-05,5.571245038990476
2011-05-06,4.433504448345389
2011-05-07,3.4614458956296885
2011-05-08,3.096780943034416
2011-05-09,4.331851110249034
2011-05-10,4.828398213345349
2011-05-11,3.3525630763726015
2011-05-12,3.764960043932232
2011-05-13,3.9330413669781787
2011-05-14,2.811288593184414
2011-05-15,2.2356865980096567
2011-05-16,2.686887579191999
2011-05-17,2.4148290674045954
2011-05-18,3.8832333165467596
2011-05-19,4.8651310510646075
2011-05-20,4.955243870400209
2011-05-21,4.847805296020706
2011-05-22,4.086539235546877
2011-05-23,3.880941086133835
2011-05-24,4.1596360275200635
2011-05-25,2.34731619312844
2011-05-26,2.7869241476998012
2011-05-27,3.4374580623500544
2011-05-28,2.5243750215941163
2011-05-29,4.146284507835202
2011-05-30,3.1869923742160253
2011-05-31,2.593377232112913
2011-06-01,2.4222503142817526
2011-06-02,3.0545281020954063
2011-06-03,2.752121779705623
2011-06-04,3.738515114093269
2011-06-05,3.205459989807814
2011-06-06,3.5690460180583163
2011-06-07,4.752836010725403
2011-06-08,5.722567858637046
2011-06-09,6.082245244421313
2011-06-10,4.998388505327466
2011-06-11,4.37360728376962
2011-06-12,5.323907965838524
2011-06-13,5.249458609354666
2011-06-14,6.330568828542771
2011-06-15,6.615934540520152
2011-06-16,5.924134545855868
2011-06-17,6.565957218988015
2011-06-18,6.012388340075485
2011-06-19,6.301016107953271
2011-06-20,7.46810281200631
2011-06-21,7.586709073577871
2011-06-22,7.244255443962826
2011-06-23,5.454045944121465
2011-06-24,6.040694661569199
2011-06-25,6.344014294857644
2011-06-26,6.4471629433731845
2011-06-27,6.006193273702343
2011-06-28,2.3486445757812673
2011-06-29,3.6927442269783506
2011-06-30,5.414317414247028
2011-07-01,6.896353244349677
2011-07-02,6.852725351492871
2011-07-03,7.073189138536725
2011-07-04,7.228324163731124
2011-07-05,7.551358493718766
2011-07-06,7.274033748732481
2011-07-07,6.8667474997484295
2011-07-08,7.122630282762419
2011-07-09,6.5169990593613525
2011-07-10,5.9885477625771815
2011-07-11,5.119095875975574
2011-07-12,5.028131887821586
2011-07-13,4.724143058960336
2011-07-14,4.816126645688855
2011-07-15,5.02934432714158
2011-07-16,4.598608586528445
2011-07-17,3.9699103132059403
2011-07-18,3.475866753560154
2011-07-19,5.354877048538765
2011-07-20,6.297361884920176
2011-07-21,6.629096051320415
2011-07-22,6.539527443488635
2011-07-23,6.535753063469217
2011-07-24,5.537382639529037
2011-07-25,6.133465276201555
2011-07-26,6.457964428653661
2011-07-27,6.7091651461880994
2011-07-28,7.058985754539376
2011-07-29,6.637375439992584
2011-07-30,6.034508509155882
2011-07-31,5.946905627278333
2011-08-01,6.2371215633554336
2011-08-02,6.7502641462354775
2011-08-03,5.952723367174847
2011-08-04,5.105858362616248
2011-08-05,6.077822378343425
2011-08-06,5.756761270550309
2011-08-07,5.621582032790628
2011-08-08,5.791947554913749
2011-08-09,6.658536499957513
2011-08-10,6.38439229024439
2011-08-11,6.168973844949533
2011-08-12,5.939089029606788
2011-08-13,5.96418034367863
2011-08-14,5.677697041862112
2011-08-15,5.709897616882503
2011-08-16,6.089010839907168
2011-08-17,6.2299668332733695
2011-08-18,6.465913318205827
2011-08-19,6.061460215998738
2011-08-20,5.44163070442944
2011-08-21,5.312525633279008
2011-08-22,5.797073846055437
2011-08-23,6.158070512270465
2011-08-24,5.734722435294889
2011-08-25,5.995684013120735
2011-08-26,5.994126684610596
2011-08-27,6.232029310166979
2011-08-28,6.297979798362775
2011-08-29,5.212520469820625
2011-08-30,5.732269257438575
2011-08-31,5.144573833200705
2011-09-01,5.840302948622799
2011-09-02,6.639704701379715
2011-09-03,5.939891214524647
2011-09-04,5.918822580172328
2011-09-05,5.1493524027858975
2011-09-06,6.016566931423891
2011-09-07,5.76904322555876
2011-09-08,6.328443290774647
2011-09-09,6.949951958859605
2011-09-10,6.422537768046476
2011-09-11,3.8867269445631383
2011-09-12,4.118137778572323
2011-09-13,5.035573042715498
2011-09-14,4.805974484088426
2011-09-15,3.9473179843155783
2011-09-16,3.9157048444292313
2011-09-17,4.38381426841911
2011-09-18,5.170064466741466
2011-09-19,5.436214161784538
2011-09-20,5.520918788043381
2011-09-21,5.46496314091505
2011-09-22,5.514652967913131
2011-09-23,5.301733334941497
2011-09-24,3.552442839886002
2011-09-25,2.8893122094076547
2011-09-26,3.6646285460689896
2011-09-27,4.222764362249426
2011-09-28,4.663197988640954
2011-09-29,4.575841639370069
2011-09-30,2.6735390042127505
2011-10-01,1.8921749957470348
2011-10-02,1.964719485402824
2011-10-03,1.190558468867953
2011-10-04,1.349391099540894
2011-10-05,1.4215334299851028
2011-10-06,2.3001599476176535
2011-10-07,2.6919550938025756
2011-10-08,2.7939472231448543
2011-10-09,2.7605274332070175
2011-10-10,1.594894207523622
2011-10-11,2.3014724604770382
2011-10-12,2.85635308075102
2011-10-13,2.954958757893001
2011-10-14,3.334855205705695
2011-10-15,3.088312830316663
2011-10-16,2.4620350483494997
2011-10-17,3.0671515747893907
2011-10-18,2.9872262313908373
2011-10-19,2.4811372734089847
2011-10-20,2.5374875743420167
2011-10-21,2.3514057889237887
2011-10-22,2.6994838654229376
2011-10-23,2.658770089169952
2011-10-24,2.2887423360506416
2011-10-25,2.3372762803283433
2011-10-26,2.2564805601016986
2011-10-27,2.2532271315463333
2011-10-28,2.222370092549116
2011-10-29,2.371435952324579
2011-10-30,2.4000054049339603
2011-10-31,2.194323471900963
2011-11-01,2.2517416385560685
2011-11-02,2.195965412476991
2011-11-03,1.3699168128323556
2011-11-04,1.3488347029021739
2011-11-05,0.994339082107526
2011-11-06,1.0561374893834916
2011-11-07,1.310754759320385
2011-11-08,1.4955643525494942
2011-11-09,1.4499469788667911
2011-11-10,1.7922251752622655
2011-11-11,1.5785468638689513
2011-11-12,1.4849506800982957
2011-11-13,1.5829881715684428
2011-11-14,1.4810352438197094
2011-11-15,1.5425463964787633
2011-11-16,1.4352202315109095
2011-11-17,1.07498079009433
2011-11-18,0.7819994580731822
2011-11-19,0.9501434346293898
2011-11-20,1.1391901185925053
2011-11-21,1.1032414906049635
2011-11-22,0.6606584515278079
2011-11-23,0.7493656399558206
2011-11-24,0.8968120047990621
2011-11-25,1.266047423978633
2011-11-26,1.1048838418493652
2011-11-27,1.1142910827631203
2011-11-28,1.1896712219543857
2011-11-29,1.040478106408689
2011-11-30,1.268095931946544
2011-12-01,1.2825265798939443
2011-12-02,1.171113336235833
2011-12-03,1.0716324331032365
2011-12-04,0.9638174507643897
2011-12-05,0.8528900389297801
2011-12-06,0.7946379522986808
2011-12-07,0.9179721534442502
2011-12-08,0.883721816384454
2011-12-09,0.8733462013277106
2011-12-10,0.8719106127813291
2011-12-11,0.8464951561581582
2011-12-12,0.890493201468463
2011-12-13,0.8999796736923045
2011-12-14,0.8990249094736791
2011-12-15,0.9765740722692134
2011-12-16,0.8073262865674986
2011-12-17,0.8338820058935713
2011-12-18,0.8286569305473572
2011-12-19,0.8487589733021054
2011-12-20,0.8473984124307189
2011-12-21,0.8026422838407293
2011-12-22,0.6247008673180987
2011-12-23,0.6507484835418382
2011-12-24,0.7732055806321606
2011-12-25,0.8359929842183659
2011-12-26,0.9454118282043051
2011-12-27,0.9420599323481001
2011-12-28,0.8944672104938594
2011-12-29,0.7439461765578613
2011-12-30,0.9497120380331943
2011-12-31,0.7742492150671633
2012-01-01,0.9423987374530853
2012-01-02,0.9022186896589239
2012-01-03,0.9094222625358754
2012-01-04,0.9207248225861926
2012-01-05,1.0558854277333722
2012-01-06,0.9756604283151791
2012-01-07,0.8623534985151847
2012-01-08,0.9568582785002185
2012-01-09,0.9275236840105157
2012-01-10,0.8849147808478185
2012-01-11,0.9478291530629115
2012-01-12,0.9435659237423953
2012-01-13,0.9588116112705516
2012-01-14,1.010284863311353
2012-01-15,0.936904115993593
2012-01-16,0.9314993028272505
2012-01-17,0.970924803809604
2012-01-18,0.7493415701339392
2012-01-19,0.6982783606703007
2012-01-20,0.9712537210295333
2012-01-21,0.96094361346651
2012-01-22,0.7926554365171463
2012-01-23,1.075379341343301
2012-01-24,0.9967040719633948
2012-01-25,1.1421689617877564
2012-01-26,1.3351157209304623
2012-01-27,1.1847664435619412
2012-01-28,1.2403330418619953
2012-01-29,1.411432923316496
2012-01-30,1.4979097031948092
2012-01-31,1.253036664989532
2012-02-01,1.1500397494291668
2012-02-02,1.4295796698874643
2012-02-03,1.6174624330196148
2012-02-04,1.6831813986226127
2012-02-05,1.7538001345073038
2012-02-06,1.957223238922778
2012-02-07,1.2653223326370706
2012-02-08,1.6761293425394295
2012-02-09,1.804538322277782
2012-02-10,1.1235757470277894
2012-02-11,1.6127846705001057
2012-02-12,1.285908886401927
2012-02-13,1.0616508077137778
2012-02-14,1.472689555504084
2012-02-15,1.661463723167502
2012-02-16,1.9216768283531933
2012-02-17,2.1149679269958854
2012-02-18,1.557573542854166
2012-02-19,1.6727191326127353
2012-02-20,1.6259625071671195
2012-02-21,2.3271175533291495
2012-02-22,2.330754972256183
2012-02-23,2.5124117943806867
2012-02-24,2.732524878009876
2012-02-25,1.4777230924298672
2012-02-26,1.5798489516836982
2012-02-27,1.5921402664315718
2012-02-28,1.4205847694919205
2012-02-29,0.9635577094805058
2012-03-01,1.5339231070290478
2012-03-02,2.29987329626896
2012-03-03,2.943559902343519
2012-03-04,3.0317650934992786
2012-03-05,2.677023311988878
2012-03-06,1.6844669003621386
2012-03-07,2.7442904354623137
2012-03-08,3.008216785209344
2012-03-09,2.9030522667081793
2012-03-10,1.9324105901487663
2012-03-11,1.6037879911722517
2012-03-12,1.864031906831989
2012-03-13,1.3502954400589626
2012-03-14,1.6051509467831209
2012-03-15,1.27220114287227
2012-03-16,1.6557938886957715
2012-03-17,1.809844090324261
2012-03-18,1.562333276769548
2012-03-19,1.830544726837468
2012-03-20,1.705218828583904
2012-03-21,1.858446716183089
2012-03-22,2.0401732854578385
2012-03-23,2.153764698612871
2012-03-24,1.7274596614521474
2012-03-25,1.747973810982592
2012-03-26,1.9141141555232903
2012-03-27,1.3520971183585975
2012-03-28,2.1536122375004885
2012-03-29,1.6278074317782698
2012-03-30,1.5122618355969673
2012-03-31,2.0916677844202343
2012-04-01,2.1694837200222623
2012-04-02,3.1009842936562215
2012-04-03,2.206874077449094
2012-04-04,2.014538490212547
2012-04-05,2.1509203661258183
2012-04-06,2.545073375281842
2012-04-07,3.040716496989343
2012-04-08,3.2455084795222082
2012-04-09,3.1705732902453563
2012-04-10,1.7823505918803382
2012-04-11,1.633163207823307
2012-04-12,2.275145193641478
2012-04-13,2.0613388909670483
2012-04-14,3.4286588625724814
2012-04-15,3.6958306687104856
2012-04-16,3.3831127438031476
2012-04-17,2.760731943408115
2012-04-18,2.6950116126451746
2012-04-19,3.958271094558592
2012-04-20,5.239286311618449
2012-04-21,5.674402627852029
2012-04-22,5.575304074070583
2012-04-23,3.91321072667944
2012-04-24,3.0026713936991225
2012-04-25,2.284221196447778
2012-04-26,2.7006471609665397
2012-04-27,3.589436337643343
2012-04-28,4.653096636880848
2012-04-29,5.0836330503764025
2012-04-30,3.9393770908353063
2012-05-01,3.757584547563529
2012-05-02,3.638046071296526
2012-05-03,2.436012262866188
2012-05-04,3.123221728342673
2012-05-05,4.771024660871588
2012-05-06,5.6339833390714915
2012-05-07,6.158214436238984
2012-05-08,6.4683472181706785
2012-05-09,5.184149123306004
2012-05-10,6.014674141413473
2012-05-11,6.3764750530749295
2012-05-12,6.583854095199759
2012-05-13,5.832006809332712
2012-05-14,4.035075313471452
2012-05-15,5.292214675417185
2012-05-16,6.234369568987632
2012-05-17,4.7235139906357935
2012-05-18,5.281850954243824
2012-05-19,5.679142525082908
2012-05-20,5.640165120677321
2012-05-21,4.61830315995937
2012-05-22,3.7340690819590936
2012-05-23,3.91382519596896
2012-05-24,4.0001288305961005
2012-05-25,3.359018404461955
2012-05-26,4.108337708702656
2012-05-27,4.465381179764471
2012-05-28,3.714873392599793
2012-05-29,5.502288324630439
2012-05-30,6.400121022060075
2012-05-31,7.675289667825678
2012-06-01,6.614413038288982
2012-06-02,5.120994336316239
2012-06-03,5.4483628883417605
2012-06-04,2.716723100702338
2012-06-05,3.6075194799980257
2012-06-06,4.834503982098824
2012-06-07,4.848213326037466
2012-06-08,4.066789975676887
2012-06-09,5.297394682492907
2012-06-10,6.860905563359287
2012-06-11,6.429380530951326
2012-06-12,5.970579811161348
2012-06-13,6.5289281503083325
2012-06-14,5.9543704666833
2012-06-15,6.718067902809603
2012-06-16,8.528205482849604
2012-06-17,7.327738154486213
2012-06-18,6.3089540311805905
2012-06-19,6.4668873589709825
2012-06-20,7.217404745298298
2012-06-21,4.99683653610945
2012-06-22,2.709847348367544
2012-06-23,3.0703123624790987
2012-06-24,3.945008888502354
2012-06-25,3.618202794975193
2012-06-26,4.777768017329435
2012-06-27,5.791705032833117
2012-06-28,5.26174527651839
2012-06-29,5.2061195856290965
2012-06-30,5.139780789564162
2012-07-01,5.598494054166906
2012-07-02,5.78190580074505
2012-07-03,6.551771856881495
2012-07-04,6.5838364510033145
2012-07-05,5.157345398854153
2012-07-06,6.473402584522847
2012-07-07,7.116312015367666
2012-07-08,7.327756908017974
2012-07-09,6.968004320442645
2012-07-10,7.578206278827577
2012-07-11,7.971879782551067
2012-07-12,7.1443738339733
2012-07-13,6.233024428918156
2012-07-14,6.568903629653689
2012-07-15,7.156530941376287
2012-07-16,4.762603716251879
2012-07-17,2.407728173576817
2012-07-18,4.661590194653415
2012-07-19,4.907672097947902
2012-07-20,5.972045895976737
2012-07-21,6.769391762852842
2012-07-22,7.091544046900892
2012-07-23,6.996755700698244
2012-07-24,5.51709013544838
2012-07-25,6.30455451695049
2012-07-26,5.933586743799956
2012-07-27,6.3470137972384535
2012-07-28,5.43718527252918
2012-07-29,6.2754181462140295
2012-07-30,6.700817596836262
2012-07-31,7.025687917522156
2012-08-01,7.179753575746811
2012-08-02,7.3355717947577475
2012-08-03,7.30892795354018
2012-08-04,6.747226987904008
2012-08-05,5.070429638117658
2012-08-06,5.577975594449405
2012-08-07,5.845333196426476
2012-08-08,6.814234505410785
2012-08-09,7.054067392321205
2012-08-10,7.184390102892585
2012-08-11,7.76298459478464
2012-08-12,7.349031736739286
2012-08-13,8.083312013175805
2012-08-14,7.002085196929694
2012-08-15,6.38782412750537
2012-08-16,6.666804156475362
2012-08-17,6.614598737766784
2012-08-18,6.058135964771515
2012-08-19,6.111721273640967
2012-08-20,6.603767015144159
2012-08-21,5.715453133999692
2012-08-22,6.168140703596454
2012-08-23,5.937056303942663
2012-08-24,6.123948289484923
2012-08-25,5.552868215418841
2012-08-26,3.7608313057013736
2012-08-27,4.844701078879951
2012-08-28,4.610853800453012
2012-08-29,5.672578677825828
2012-08-30,5.777739537713481
2012-08-31,4.153539090946943
2012-09-01,4.445558089224421
2012-09-02,5.48998488294468
2012-09-03,5.660089849349122
2012-09-04,5.708356455423002
2012-09-05,5.6102524492331165
2012-09-06,4.996823923448176
2012-09-07,4.917650247488417
2012-09-08,4.418336435626945
2012-09-09,4.1440277640544245
2012-09-10,5.169959138026148
2012-09-11,5.249044114180157
2012-09-12,5.060554730408839
2012-09-13,5.544850607771216
2012-09-14,5.0604189708323
2012-09-15,5.007465942461712
2012-09-16,5.1079171151028895
2012-09-17,4.696394915280346
2012-09-18,4.197278104718688
2012-09-19,3.4869718151529145
2012-09-20,4.034719412396974
2012-09-21,4.4415242868714495
2012-09-22,4.813580033731794
2012-09-23,4.627172360578973
2012-09-24,4.6432371411198
2012-09-25,4.758194036191487
2012-09-26,4.772109916774459
2012-09-27,4.794568565324898
2012-09-28,4.885723331161233
2012-09-29,4.902638962299703
2012-09-30,5.010830817588411
2012-10-01,5.304033137569272
2012-10-02,5.124029203384215
2012-10-03,4.760344028929429
2012-10-04,3.5287131489330887
2012-10-05,2.4432400464397745
2012-10-06,2.1255896469843463
2012-10-07,2.8864415521518967
2012-10-08,2.4354174602307452
2012-10-09,2.781408425782582
2012-10-10,2.78352483562286
2012-10-11,2.3652028946203902
2012-10-12,1.8012788808600488
2012-10-13,2.4864632768477337
2012-10-14,2.9004743588704955
2012-10-15,3.033085125059366
2012-10-16,2.8343664928755157
2012-10-17,3.293477810933813
2012-10-18,3.4922320217523977
2012-10-19,3.0816604407966253
2012-10-20,2.4225194103483854
2012-10-21,2.1307078507092645
2012-10-22,1.372192720477141
2012-10-23,1.370561190234765
2012-10-24,1.259471820291996
2012-10-25,1.7937952895451046
2012-10-26,2.137252150782345
2012-10-27,2.2921544103025626
2012-10-28,2.318816898065763
2012-10-29,2.182129656787742
2012-10-30,1.9659050406600769
2012-10-31,0.697921656910452
2012-11-01,1.5302256578302034
2012-11-02,1.4030927211259903
2012-11-03,1.8877108304444477
2012-11-04,2.003537101444165
2012-11-05,1.899647710975042
2012-11-06,2.0737445866801996
2012-11-07,1.8613917762417092
2012-11-08,0.8458596459025024
2012-11-09,0.8805833531085879
2012-11-10,1.1340854486461283
2012-11-11,1.228926734727104
2012-11-12,1.343092889677363
2012-11-13,0.9577305458204854
2012-11-14,1.3469082720247714
2012-11-15,1.3909283886030235
2012-11-16,1.0793869339963358
2012-11-17,1.0564547815778145
2012-11-18,0.8754677814212064
2012-11-19,0.9016495495986625
2012-11-20,0.8008111111575485
2012-11-21,1.1909173236277353
2012-11-22,1.168742805267353
2012-11-23,1.1217818113521723
2012-11-24,1.255723260809819
2012-11-25,1.1582985780925656
2012-11-26,1.2937707257955753
2012-11-27,1.117016973136889
2012-11-28,0.7859356086141236
2012-11-29,0.8906070666897397
2012-11-30,0.6992015367877271
2012-12-01,0.7100617822314707
2012-12-02,1.186057529477286
2012-12-03,0.8695974861944882
2012-12-04,0.8300729189756415
2012-12-05,1.1983577137119377
2012-12-06,1.0510967597664775
2012-12-07,0.873988338765836
2012-12-08,0.9362000137435309
2012-12-09,0.9733701448033056
2012-12-10,0.9326083217739422
2012-12-11,0.8835458067402148
2012-12-12,0.8598813375843003
2012-12-13,0.601968477298596
2012-12-14,0.7972939204684686
2012-12-15,0.5742604995740195
2012-12-16,0.868279798276693
2012-12-17,1.0029337804602503
2012-12-18,0.6952646916993047
2012-12-19,0.7588552480739196
2012-12-20,0.604496536962783
2012-12-21,0.5763720450805975
2012-12-22,0.5789201490946689
2012-12-23,0.8806972526036317
2012-12-24,0.7787733396343862
2012-12-25,0.5098931017441872
2012-12-26,0.721662932487099
2012-12-27,0.8414629212808762
2012-12-28,0.5814736278840408
2012-12-29,0.8648538561092143
2012-12-30,0.6757579253531177
2012-12-31,0.6486624928904186
2013-01-01,0.6663652739759477
2013-01-02,0.6006683486363807
2013-01-03,0.8618151390939566
2013-01-04,0.9452989596494912
2013-01-05,0.6541748805573848
2013-01-06,0.9266703129563865
2013-01-07,1.0632079279640396
2013-01-08,0.8689804342949151
2013-01-09,0.8264346372188801
2013-01-10,0.6624031913354411
2013-01-11,0.7792428831888074
2013-01-12,0.7438971146043041
2013-01-13,0.7726288278137745
2013-01-14,0.7801804958115791
2013-01-15,0.7974361397861491
2013-01-16,0.880241259763428
2013-01-17,0.89281120596825
2013-01-18,0.9532467389684374
2013-01-19,0.9585087344373145
2013-01-20,0.9764949058146862
2013-01-21,0.98662717845452
2013-01-22,1.1283284288835833
2013-01-23,0.7681399581508014
2013-01-24,0.978782294466046
2013-01-25,1.0692991554443068
2013-01-26,1.06438992405446
2013-01-27,1.061882041084413
2013-01-28,1.0041400099126834
2013-01-29,1.337022714642238
2013-01-30,1.3037617963774508
2013-01-31,1.3895101132919043
2013-02-01,1.4354675980299147
2013-02-02,1.6413497413658464
2013-02-03,1.623591473430305
2013-02-04,1.740884102395812
2013-02-05,1.1716808932980278
2013-02-06,1.3594968263310085
2013-02-07,1.0111881386884145
2013-02-08,1.2953196973264496
2013-02-09,1.4368350511920194
2013-02-10,1.8326919647223807
2013-02-11,1.817782652211994
2013-02-12,1.991516051562921
2013-02-13,2.074778204640137
2013-02-14,2.443703162430471
2013-02-15,2.3421546632097425
2013-02-16,2.2840137456724676
2013-02-17,2.0467607398696184
2013-02-18,1.575353580063196
2013-02-19,0.9392066150521603
2013-02-20,1.5643228611075002
2013-02-21,1.830633716824413
2013-02-22,1.9202284439127908
2013-02-23,1.5179830531199006
2013-02-24,2.1824021687598374
2013-02-25,2.169279077363057
2013-02-26,2.359427386489136
2013-02-27,2.5068798797459033
2013-02-28,1.9597397884821097
2013-03-01,2.6492640819204554
2013-03-02,2.2642297414037484
2013-03-03,2.3459960619190636
2013-03-04,2.095310918624757
2013-03-05,1.665511534659103
2013-03-06,1.3183458041926406
2013-03-07,1.8908365744709774
2013-03-08,2.1854979014573424
2013-03-09,2.7970702159928975
2013-03-10,3.247812943866229
2013-03-11,3.271864338745712
2013-03-12,3.351894333530171
2013-03-13,3.557552474965218
2013-03-14,2.9573923841179646
2013-03-15,3.2629521323728814
2013-03-16,3.076955020405054
2013-03-17,2.914510979665311
2013-03-18,2.920544669925942
2013-03-19,1.8446627643997826
2013-03-20,1.938943823918495
2013-03-21,2.5067666791520127
2013-03-22,2.642326619060999
2013-03-23,3.1498726493899785
2013-03-24,3.4879470061597915
2013-03-25,2.683121831732303
2013-03-26,3.029958071741978
2013-03-27,1.8271155211914434
2013-03-28,2.52317899270505
2013-03-29,3.9403140860853623
2013-03-30,3.1800126539091607
2013-03-31,2.6211194926623067
2013-04-01,2.6580951040030887
2013-04-02,3.30592853601047
2013-04-03,3.8460638854196922
2013-04-04,1.7799164234295417
2013-04-05,1.548960957371587
2013-04-06,2.305762470049829
2013-04-07,2.10837587823228
2013-04-08,3.02017698737006
2013-04-09,4.124273286367271
2013-04-10,4.613323547030411
2013-04-11,3.5697775104035485
2013-04-12,4.207012621006533
2013-04-13,3.310014365634889
2013-04-14,3.2081318044884615
2013-04-15,2.3295662284979275
2013-04-16,3.3346920775124484
2013-04-17,3.8243703059265988
2013-04-18,4.454388867938769
2013-04-19,4.409174538926184
2013-04-20,4.623468267810627
2013-04-21,5.232314039349536
2013-04-22,5.781554065871785
2013-04-23,5.237907083637461
2013-04-24,5.733930501849786
2013-04-25,3.903823148891853
2013-04-26,5.111409311976623
2013-04-27,5.8697502707190585
2013-04-28,5.8011051339917294
2013-04-29,4.902922343692383
2013-04-30,4.828430032676908
2013-05-01,6.437398539474116
2013-05-02,6.268936972154689
2013-05-03,6.660965996913574
2013-05-04,6.349505397210641
2013-05-05,3.8160366613530328
2013-05-06,3.4056276965196473
2013-05-07,2.966247858023884
2013-05-08,3.9822021436628314
2013-05-09,4.458637550348685
2013-05-10,6.038263815211851
2013-05-11,6.4228007176880135
2013-05-12,5.514792145214221
2013-05-13,5.44394220810672
2013-05-14,5.473574517654675
2013-05-15,4.9343554149592945
2013-05-16,3.706244631493513
2013-05-17,3.8899773660933805
2013-05-18,4.663619076867701
2013-05-19,5.635665177272368
2013-05-20,6.390313029211079
2013-05-21,3.535494742561818
2013-05-22,3.7504099225340783
2013-05-23,3.832400931888918
2013-05-24,4.2777552416021045
2013-05-25,4.572972483097613
2013-05-26,3.8285415105669265
2013-05-27,2.785253277876406
2013-05-28,3.7573463456392884
2013-05-29,4.109082821016754
2013-05-30,4.979289712774992
2013-05-31,6.518563640614979
2013-06-01,6.491651701296653
2013-06-02,6.3959611008148505
2013-06-03,6.816093652672884
2013-06-04,5.7907967517055745
2013-06-05,6.622783661355166
2013-06-06,7.55524766548932
2013-06-07,8.343185659849157
2013-06-08,8.865550036194158
2013-06-09,4.756987545954767
2013-06-10,3.8899153835807585
2013-06-11,5.293768710004309
2013-06-12,5.306988442030658
2013-06-13,5.332216146173033
2013-06-14,6.46174191759171
2013-06-15,6.106874155489004
2013-06-16,5.466137486781029
2013-06-17,4.742025598980514
2013-06-18,4.1625136427494995
2013-06-19,4.185320215180963
2013-06-20,5.02126898912371
2013-06-21,6.282152087159321
2013-06-22,6.209007924896683
2013-06-23,3.820292172211808
2013-06-24,2.818904685043054
2013-06-25,2.6023661512094898
2013-06-26,5.2267209404592805
2013-06-27,5.709369965286495
2013-06-28,7.799361034596772
2013-06-29,7.6524980901243245
2013-06-30,7.3379279065927925
2013-07-01,8.178320702931929
2013-07-02,8.426359322400911
2013-07-03,8.229152434496513
2013-07-04,7.159517362220274
2013-07-05,6.207174917729143
2013-07-06,6.330090628479124
2013-07-07,6.662137099009765
2013-07-08,6.854870838934094
2013-07-09,7.086114133155005
2013-07-10,7.178913700988808
2013-07-11,6.73517234892743
2013-07-12,6.492747687880364
2013-07-13,6.731225121093035
2013-07-14,6.995708503242495
2013-07-15,6.44928427930015
2013-07-16,4.95376643312756
2013-07-17,5.876769301204884
2013-07-18,7.244049670643769
2013-07-19,7.721845215399529
2013-07-20,8.059485927403054
2013-07-21,7.501346513451804
2013-07-22,7.011088121588204
2013-07-23,6.315573034022372
2013-07-24,6.6611362935861225
2013-07-25,7.2902449310319515
2013-07-26,7.528279595746903
2013-07-27,7.225939053703835
2013-07-28,6.819539385349706
2013-07-29,5.785035660342789
2013-07-30,5.833924169329378
2013-07-31,5.541208339727336
2013-08-01,4.990110827915772
2013-08-02,5.935502939115773
2013-08-03,6.301034744538925
2013-08-04,6.159002371550325
2013-08-05,6.001281894963848
2013-08-06,5.397171936132925
2013-08-07,3.6903665484445494
2013-08-08,4.499192631855898
2013-08-09,5.203727851919196
2013-08-10,5.269134223158458
2013-08-11,5.6591705216832295
2013-08-12,5.867521118540101
2013-08-13,6.10424422113721
2013-08-14,5.617300932253422
2013-08-15,5.359308836920203
2013-08-16,5.3338712332037925
2013-08-17,5.921254017077535
2013-08-18,6.980370725937126
2013-08-19,6.918276375915696
2013-08-20,6.126302258681671
2013-08-21,4.989877918148989
2013-08-22,4.524248774564868
2013-08-23,5.090977003694872
2013-08-24,4.8433377665702
2013-08-25,3.700082104672491
2013-08-26,4.269784091218434
2013-08-27,4.6908221391291365
2013-08-28,4.526508491886571
2013-08-29,4.4059466421715365
2013-08-30,4.988178908205201
2013-08-31,4.627024918831764
2013-09-01,4.6611935939801
2013-09-02,4.0477555137712935
2013-09-03,4.151905590715373
2013-09-04,3.9965277244909982
2013-09-05,4.1059620091536955
2013-09-06,5.338515830085144
2013-09-07,5.601302539884394
2013-09-08,5.849978706681814
2013-09-09,6.260424151958154
2013-09-10,5.665674255371519
2013-09-11,3.809172971758539
2013-09-12,4.631303496700327
2013-09-13,5.20260995146338
2013-09-14,4.21980314523041
2013-09-15,3.743892913938748
2013-09-16,3.9866609785297187
2013-09-17,3.205411078958814
2013-09-18,3.93010367294679
2013-09-19,4.508663098461194
2013-09-20,3.347405885504067
2013-09-21,2.215005785990883
2013-09-22,2.6355815423468654
2013-09-23,3.2651727389433005
2013-09-24,2.8823413555877417
2013-09-25,2.6413799953961465
2013-09-26,3.313113980372613
2013-09-27,3.560995658961558
2013-09-28,3.219506335966371
2013-09-29,1.4141535593675434
2013-09-30,2.496205035926896
2013-10-01,2.8109333049402014
2013-10-02,2.7251777576907315
2013-10-03,2.8186444936015054
2013-10-04,3.683290323092174
2013-10-05,3.675348443740517
2013-10-06,3.680158438805188
2013-10-07,3.151875558130896
2013-10-08,2.8474930452173575
2013-10-09,2.5606340619217236
2013-10-10,2.764315821364931
2013-10-11,2.743767381681332
2013-10-12,2.535746114402798
2013-10-13,2.8821719760906657
2013-10-14,2.9634541691160505
2013-10-15,3.1129138012986557
2013-10-16,3.0689432149035283
2013-10-17,3.1199449351789372
2013-10-18,3.2217891444604683
2013-10-19,3.135860158791077
2013-10-20,2.980134082569868
2013-10-21,2.957781864744545
2013-10-22,2.9282492384473056
2013-10-23,2.8829670118085122
2013-10-24,2.3768246400484605
2013-10-25,2.320257969498168
2013-10-26,2.6494154190154426
2013-10-27,2.1606951919576542
2013-10-28,1.7200488474111884
2013-10-29,1.8034928310066707
2013-10-30,1.927882144666409
2013-10-31,2.2237880036324387
2013-11-01,2.401493238825825
2013-11-02,1.8592751199482942
2013-11-03,1.5384353704351879
2013-11-04,1.8393690212647476
2013-11-05,1.9318153735115653
2013-11-06,2.0918212085297703
2013-11-07,1.7950653591981829
2013-11-08,1.7967346567079507
2013-11-09,1.8365819440626117
2013-11-10,1.8916585798123255
2013-11-11,1.8493858103585747
2013-11-12,1.6407080884750211
2013-11-13,1.7592326379444372
2013-11-14,1.627207254522875
2013-11-15,1.5495260721893587
2013-11-16,1.3555483920261304
2013-11-17,1.4259073234449944
2013-11-18,1.1536582828050856
2013-11-19,0.8374615957020453
2013-11-20,0.8747554318064931
2013-11-21,1.4095168061207133
2013-11-22,1.7195378772365015
2013-11-23,1.5704635676129066
2013-11-24,1.1721925110190183
2013-11-25,1.2057828029525857
2013-11-26,1.1694391844441208
2013-11-27,1.4743386500981608
2013-11-28,1.1372899122596185
2013-11-29,1.1471923930618373
2013-11-30,1.1107397383159636
2013-12-01,1.1893606113835793
2013-12-02,1.0215693840109343
2013-12-03,0.9452287426234819
2013-12-04,0.8921762131262876
2013-12-05,0.8602069358488311
2013-12-06,0.5346771190128727
2013-12-07,0.5755347052077819
2013-12-08,0.6386817784006669
2013-12-09,0.6058645853576141
2013-12-10,0.6217425344533081
2013-12-11,0.6835293653835571
2013-12-12,0.7011841039050449
2013-12-13,0.7298799223054152
2013-12-14,0.7911978493406789
2013-12-15,0.7502200643960628
2013-12-16,0.8320325373304501
2013-12-17,0.8373428036276882
2013-12-18,0.8775194127479683
2013-12-19,0.9111774971910378
2013-12-20,1.0737844348401038
2013-12-21,1.0289586940927842
2013-12-22,0.9308603929323022
2013-12-23,0.8536435978828413
2013-12-24,0.8617923066908492
2013-12-25,0.7937365925920118
2013-12-26,0.8111522615580777
2013-12-27,0.7583931020257959
2013-12-28,0.806894872286107
2013-12-29,0.8170033850809088
2013-12-30,0.921916495543822
2013-12-31,0.859101949091811
2014-01-01,0.9567669466859673
2014-01-02,0.9975368395040325
2014-01-03,0.9991961993530832
2014-01-04,0.92812599077254
2014-01-05,0.8655891213390096
2014-01-06,0.9516285790670541
2014-01-07,1.2220033849747598
2014-01-08,0.8919321092166238
2014-01-09,0.7774248466228079
2014-01-10,0.9324673033066184
2014-01-11,0.8982732942591786
2014-01-12,0.9489401746942825
2014-01-13,0.9934969880637011
2014-01-14,1.0182232723211642
2014-01-15,1.0855659459445832
2014-01-16,1.0455035736721279
2014-01-17,1.0859373258977933
2014-01-18,1.1028005478469178
2014-01-19,1.08231784298049
2014-01-20,1.094210038323538
2014-01-21,1.0995344850942803
2014-01-22,1.2179960654377513
2014-01-23,1.745696810429495
2014-01-24,1.9021729392646178
2014-01-25,1.8056015439337207
2014-01-26,1.623000603073143
2014-01-27,1.4526107635784893
2014-01-28,1.1173616180682298
2014-01-29,0.9268201498328922
2014-01-30,1.1101531437647485
2014-01-31,1.2679896594178222
2014-02-01,1.291045804496501
2014-02-02,1.2572024372808743
2014-02-03,1.244591896573169
2014-02-04,1.3195519515448206
2014-02-05,1.1621274674530198
2014-02-06,0.9070900797283166
2014-02-07,1.0414225634938499
2014-02-08,0.9795212435531877
2014-02-09,0.9827766551967357
2014-02-10,1.4854914734484086
2014-02-11,1.3517000374607278
2014-02-12,1.3673598982123192
2014-02-13,1.0402489124866898
2014-02-14,0.8169784966796986
2014-02-15,1.1056564824700177
2014-02-16,1.5392034818514
2014-02-17,1.6261067298493193
2014-02-18,1.6468574009642165
2014-02-19,1.6039334483506726
2014-02-20,2.1839964346146514
2014-02-21,2.171442030854535
2014-02-22,2.380178686649879
2014-02-23,2.5044063160770613
2014-02-24,2.70513180469073
2014-02-25,2.621495987867735
2014-02-26,1.7854531078978495
2014-02-27,1.1250807497585504
2014-02-28,1.4957579681118733
2014-03-01,2.2873413257444515
2014-03-02,1.2685899722881802
2014-03-03,0.7783695856913715
2014-03-04,1.7247633272824996
2014-03-05,1.196465198302827
2014-03-06,1.6804290540553182
2014-03-07,2.44903663805473
2014-03-08,2.8449168457718357
2014-03-09,1.7300127269558423
2014-03-10,2.186186585963389
2014-03-11,3.083325398611387
2014-03-12,3.4447469067080614
2014-03-13,3.389456174365369
2014-03-14,3.338397185429109
2014-03-15,3.711253189235856
2014-03-16,3.470989074699947
2014-03-17,2.458806738494933
2014-03-18,3.542233297556817
2014-03-19,3.4638543226542753
2014-03-20,3.2544891990115516
2014-03-21,3.3908090316131125
2014-03-22,3.5529349486937964
2014-03-23,3.7722690426926633
2014-03-24,3.7955167990714367
2014-03-25,2.145289975624512
2014-03-26,1.3429152497018122
2014-03-27,1.7562973084439832
2014-03-28,1.3691971214564993
2014-03-29,1.671760510151322
2014-03-30,2.145867840629847
2014-03-31,1.6351191601021249
2014-04-01,1.6928054203657974
2014-04-02,2.849542720630372
2014-04-03,2.7374519266169868
2014-04-04,2.383335350565376
2014-04-05,3.078797873781182
2014-04-06,4.355822837300777
2014-04-07,4.618883255352254
2014-04-08,4.624156279030996
2014-04-09,4.769298058612939
2014-04-10,4.882392006808134
2014-04-11,4.844693878965064
2014-04-12,4.208172491342425
2014-04-13,4.73124433959775
2014-04-14,5.153559649130623
2014-04-15,4.37627631726369
2014-04-16,4.275669735663124
2014-04-17,3.91869515266939
2014-04-18,4.554647055987568
2014-04-19,3.721657446960179
2014-04-20,4.976480309646814
2014-04-21,3.3895812329553716
2014-04-22,2.6569556025248224
2014-04-23,3.3349794407854243
2014-04-24,2.282006840966908
2014-04-25,2.546934263010199
2014-04-26,2.7176378102606864
2014-04-27,2.8239811489702253
2014-04-28,3.9521625827181883
2014-04-29,6.151332345771774
2014-04-30,6.117970220125159
2014-05-01,5.704425242952522
2014-05-02,5.139518566117951
2014-05-03,3.6008301191363064
2014-05-04,2.7416964337549117
2014-05-05,3.2339322816005884
2014-05-06,4.050802916833365
2014-05-07,4.1174304394674985
2014-05-08,2.571821367304272
2014-05-09,3.240358548563065
2014-05-10,3.8247836821568306
2014-05-11,4.8841972159271
2014-05-12,6.094195172879975
2014-05-13,6.790970902433381
2014-05-14,6.552462582072136
2014-05-15,6.048710337593787
2014-05-16,5.80792382322108
2014-05-17,5.0973655336130514
2014-05-18,3.3709330475078896
2014-05-19,3.6581331343756447
2014-05-20,5.07429866683619
2014-05-21,5.903729901894025
2014-05-22,6.476755044177774
2014-05-23,6.035157311915074
2014-05-24,6.269545842744406
2014-05-25,6.0154363442200784
2014-05-26,5.539235168513248
2014-05-27,5.149737381998764
2014-05-28,5.186207584903971
2014-05-29,5.636548417114264
2014-05-30,5.580402838558279
2014-05-31,6.353462762543669
2014-06-01,6.414973010080614
2014-06-02,5.963092383799118
2014-06-03,6.141342139618857
2014-06-04,7.313103994460976
2014-06-05,7.745495278973398
2014-06-06,7.082703398130771
2014-06-07,7.88064361917821
2014-06-08,8.133899720232595
2014-06-09,7.7119606157721705
2014-06-10,7.463630398750423
2014-06-11,5.711914141412872
2014-06-12,4.977743991233908
2014-06-13,5.698878371616937
2014-06-14,6.070145000502996
2014-06-15,5.313314652715787
2014-06-16,4.836005745507465
2014-06-17,5.524312369165728
2014-06-18,6.853126975230327
2014-06-19,6.769023916173522
2014-06-20,6.164720297087031
2014-06-21,6.176814045587388
2014-06-22,6.550043240888856
2014-06-23,6.418732565691244
2014-06-24,5.994725333660754
2014-06-25,4.077793083474615
2014-06-26,3.7482390458425945
2014-06-27,4.104305408952625
2014-06-28,5.292270866033007
2014-06-29,7.042313381286472
2014-06-30,8.427316646390038
2014-07-01,7.138629495531023
2014-07-02,6.801337101484329
2014-07-03,7.089994979067229
2014-07-04,6.797437258860176
2014-07-05,7.082859962866498
2014-07-06,8.118842834014643
2014-07-07,8.124462850171767
2014-07-08,7.574414087489118
2014-07-09,6.465066026060408
2014-07-10,5.462740019379311
2014-07-11,4.6766714854706715
2014-07-12,6.205860741743662
2014-07-13,7.7904833210260565
2014-07-14,8.044060461054112
2014-07-15,7.476922742211158
2014-07-16,4.408954841034655
2014-07-17,5.583230140492182
2014-07-18,5.667294967804431
2014-07-19,6.515171124772178
2014-07-20,5.666872763200385
2014-07-21,4.272322439158098
2014-07-22,3.7848655752427827
2014-07-23,4.774665334128851
2014-07-24,6.693444871490037
2014-07-25,7.432737747649483
2014-07-26,7.519654284236871
2014-07-27,7.468112106298868
2014-07-28,7.529329277020105
2014-07-29,7.527972543018106
2014-07-30,7.541278953966096
2014-07-31,7.800700361732333
2014-08-01,7.508707517298124
2014-08-02,7.119664915167982
2014-08-03,6.521211778529933
2014-08-04,5.254026824192695
2014-08-05,4.598753577646652
2014-08-06,6.069332546564954
2014-08-07,6.5837965943078665
2014-08-08,6.595390532210476
2014-08-09,6.17932657182818
2014-08-10,6.3589069277276815
2014-08-11,6.2761418538315175
2014-08-12,4.087125556207179
2014-08-13,4.750460686305081
2014-08-14,5.8057467265987395
2014-08-15,5.842825659268414
2014-08-16,5.927501957124336
2014-08-17,6.312106177484123
2014-08-18,5.9730548562902825
2014-08-19,5.840785496562593
2014-08-20,5.666014542253836
2014-08-21,5.481558832276584
2014-08-22,5.229351775876453
2014-08-23,5.543581298415482
2014-08-24,4.871742825463528
2014-08-25,4.7121586906951745
2014-08-26,5.5960391857105485
2014-08-27,5.866022195339719
2014-08-28,6.2302567188672215
2014-08-29,5.6358550490507415
2014-08-30,5.498860363864721
2014-08-31,5.480656835666106
2014-09-01,6.048942032000127
2014-09-02,5.91607551271182
2014-09-03,5.906111795457746
2014-09-04,5.892693983495297
2014-09-05,5.55536188558592
2014-09-06,5.13714284508876
2014-09-07,5.169119052381151
2014-09-08,4.466310652381804
2014-09-09,5.373272156898908
2014-09-10,5.626513211040126
2014-09-11,5.808660500270663
2014-09-12,5.746439089226966
2014-09-13,5.663610378804571
2014-09-14,5.515488176488575
2014-09-15,3.885614086131918
2014-09-16,4.373735027862522
2014-09-17,3.6513106075360797
2014-09-18,2.4628629795981
2014-09-19,4.208500940567016
2014-09-20,4.299015373193548
2014-09-21,3.6082879818611198
2014-09-22,3.394958667777242
2014-09-23,3.5067273803373986
2014-09-24,2.113619705998973
2014-09-25,2.3697374860570406
2014-09-26,2.637528113065501
2014-09-27,3.215925368356243
2014-09-28,3.3451842762720965
2014-09-29,3.3380744191157667
2014-09-30,3.470681492307393
2014-10-01,3.7908424239136798
2014-10-02,4.185570806694794
2014-10-03,4.489776079898088
2014-10-04,4.467538737461138
2014-10-05,4.524227572515412
2014-10-06,4.539849897794097
2014-10-07,4.458025130201061
2014-10-08,4.034973509229873
2014-10-09,3.6992985789588375
2014-10-10,3.749327714761834
2014-10-11,3.4443134927492833
2014-10-12,4.027022533660551
2014-10-13,3.6925606853240325
2014-10-14,2.179693256145312
2014-10-15,1.8625145614875125
2014-10-16,2.3957349049604844
2014-10-17,2.156496344325354
2014-10-18,2.0581234471044025
2014-10-19,1.9458544482100146
2014-10-20,1.758344512209141
2014-10-21,1.8815793073476061
2014-10-22,2.021375485336457
2014-10-23,1.2096427750274588
2014-10-24,2.035678470174803
2014-10-25,1.3071835694615648
2014-10-26,1.5042189505294443
2014-10-27,1.8365893860766702
2014-10-28,2.008446897868913
2014-10-29,2.1969861553627363
2014-10-30,1.9762544092143488
2014-10-31,1.450514206950107
2014-11-01,1.5848063666055705
2014-11-02,1.7646779715867458
2014-11-03,1.7170846685851844
2014-11-04,1.9290483868891293
2014-11-05,1.9947532934386785
2014-11-06,1.8775872692429292
2014-11-07,1.8930760171785046
2014-11-08,1.6389347091413202
2014-11-09,1.8175667770507755
2014-11-10,1.7276681427081464
2014-11-11,1.1143622342007045
2014-11-12,1.415519223409655
2014-11-13,1.2644153893314913
2014-11-14,1.2982904670979198
2014-11-15,1.417078306206172
2014-11-16,1.2974028419575347
2014-11-17,1.2135964884318886
2014-11-18,1.4147978520844826
2014-11-19,1.088017283662267
2014-11-20,0.7829233889473706
2014-11-21,0.9583682432381622
2014-11-22,1.2645828662341254
2014-11-23,1.2278656892205355
2014-11-24,1.0963268136782893
2014-11-25,1.1585139305773098
2014-11-26,1.2160387326606044
2014-11-27,1.1885946493683972
2014-11-28,0.9184999090483963
2014-11-29,0.7578159643132905
2014-11-30,0.5597499083864461
2014-12-01,1.1053471913386588
2014-12-02,1.0029461538209743
2014-12-03,0.6652880333349096
2014-12-04,0.9715409794887228
2014-12-05,1.0040179289807674
2014-12-06,1.0662114274784678
2014-12-07,1.1125906440032811
2014-12-08,0.87302155117378
2014-12-09,0.9023138785734707
2014-12-10,0.8689385188455353
2014-12-11,1.0239573114857083
2014-12-12,0.6992250457623587
2014-12-13,0.8038352127409432
2014-12-14,0.7973832365612746
2014-12-15,0.5412689291000949
2014-12-16,0.8107657341079
2014-12-17,0.5622596101067449
2014-12-18,0.8065862595768024
2014-12-19,0.7035400622313064
2014-12-20,0.6395500049342573
2014-12-21,0.7568115838545245
2014-12-22,1.048484280545523
2014-12-23,0.8541477551946842
2014-12-24,0.8361134318871787
2014-12-25,0.8857135350212697
2014-12-26,0.7441810060538899
2014-12-27,0.7320550198017189
2014-12-28,0.92322707869487
2014-12-29,0.8886819192978861
2014-12-30,0.9682368717550729
2014-12-31,0.7652270594018644
2015-01-01,0.7099370907346375
2015-01-02,0.8696508835908796
2015-01-03,0.8459215934501314
2015-01-04,0.9586235245457184
2015-01-05,0.9230190822649521
2015-01-06,0.9923526002155085
2015-01-07,1.0248614578591682
2015-01-08,1.01749881407391
2015-01-09,1.0228854754143062
2015-01-10,1.0254367400265691
2015-01-11,1.186655642595873
2015-01-12,1.1877756700941913
2015-01-13,0.9909759029182719
2015-01-14,1.0648506316231388
2015-01-15,1.1348832995784586
2015-01-16,0.9472389069230673
2015-01-17,0.881301023260617
2015-01-18,0.959965869684585
2015-01-19,1.1804328225642304
2015-01-20,1.1660141185330417
2015-01-21,1.1318323216166661
2015-01-22,1.2044710271011254
2015-01-23,1.2738809969776728
2015-01-24,1.379494714285498
2015-01-25,1.526668641137485
2015-01-26,1.5016482807372769
2015-01-27,1.3075052377360128
2015-01-28,1.3685299579994823
2015-01-29,1.5204404076278848
2015-01-30,1.5639408657627443
2015-01-31,1.4682165578551887
2015-02-01,1.6896299708550326
2015-02-02,1.2617135151823005
2015-02-03,1.4643425998166233
2015-02-04,1.7963258946034342
2015-02-05,1.2904878745528534
2015-02-06,0.9499241210810108
2015-02-07,1.4403403795591558
2015-02-08,1.4133521804969416
2015-02-09,1.3145317918441544
2015-02-10,1.5628547920446076
2015-02-11,1.6874713712804297
2015-02-12,1.8628738013634052
2015-02-13,2.042254771935211
2015-02-14,2.177164177601823
2015-02-15,2.303861679877726
2015-02-16,2.3321617340852567
2015-02-17,2.3240187034011264
2015-02-18,2.166765454846148
2015-02-19,2.2357013442584335
2015-02-20,2.43203660242603
2015-02-21,2.501051355420698
2015-02-22,2.2763996065664465
2015-02-23,2.357919870199406
2015-02-24,2.6021041185828304
2015-02-25,2.5533858192996486
2015-02-26,2.340599380358408
2015-02-27,1.5002644962219565
2015-02-28,2.0054003115650225
2015-03-01,2.3983044890988623
2015-03-02,2.197070942148737
2015-03-03,2.3396549938825766
2015-03-04,2.658313454428955
2015-03-05,2.931978499475609
2015-03-06,3.1491795530646147
2015-03-07,3.5169953440658155
2015-03-08,3.4800453853224482
2015-03-09,3.6737577399153913
2015-03-10,2.529501862055922
2015-03-11,1.7487121449951302
2015-03-12,2.9122548775736212
2015-03-13,3.2669640025206905
2015-03-14,3.084236984065292
2015-03-15,2.173425230868386
2015-03-16,2.4490250992217972
2015-03-17,2.7526468808405373
2015-03-18,3.5142879544852175
2015-03-19,3.852121892493342
2015-03-20,3.2123587033179852
2015-03-21,2.8192438343488324
2015-03-22,2.093125921569926
2015-03-23,1.9647363065295746
2015-03-24,2.3219082528981856
2015-03-25,3.450702333313792
2015-03-26,4.319524554929386
2015-03-27,3.405577523496945
2015-03-28,3.8711091623241236
2015-03-29,4.2290561984504915
2015-03-30,3.6662328763825704
2015-03-31,3.0410495479878397
2015-04-01,3.137384280963625
2015-04-02,3.3045321427853156
2015-04-03,3.28739710685716
2015-04-04,2.8984854173841836
2015-04-05,1.9948608606398985
2015-04-06,2.074490447299479
2015-04-07,2.020397079133459
2015-04-08,2.771365932403145
2015-04-09,3.3741223715875384
2015-04-10,3.4684377455587674
2015-04-11,3.4518989776471747
2015-04-12,4.530501256220621
2015-04-13,3.5766114385880434
2015-04-14,2.743514545645334
2015-04-15,4.155562018899758
2015-04-16,4.9099072179317895
2015-04-17,5.240333615811933
2015-04-18,5.208220674194422
2015-04-19,5.378045275816814
2015-04-20,4.7960119835634565
2015-04-21,4.356292771336632
2015-04-22,4.295320648105778
2015-04-23,4.379497932853752
2015-04-24,2.825197080471624
2015-04-25,3.202898108865076
2015-04-26,3.994561633964443
2015-04-27,5.712532388962784
2015-04-28,4.614553472872167
2015-04-29,4.856578595312589
2015-04-30,6.472799966631014
2015-05-01,5.921158890138408
2015-05-02,5.739412968920937
2015-05-03,5.252824833593516
2015-05-04,4.490707274620408
2015-05-05,4.533973755396662
2015-05-06,4.362597327912886
2015-05-07,4.549858273901517
2015-05-08,5.031355374846338
2015-05-09,5.149556515353814
2015-05-10,4.947706631307851
2015-05-11,3.6362816407494165
2015-05-12,3.4873206950556943
2015-05-13,3.6870578766108846
2015-05-14,3.73769634579812
2015-05-15,3.8056830300397126
2015-05-16,4.118460883836144
2015-05-17,3.84431293846388
2015-05-18,3.7356819067539417
2015-05-19,3.8826292828058064
2015-05-20,3.6686889788324506
2015-05-21,3.735294337730678
2015-05-22,3.993623995160775
2015-05-23,5.0067896187847145
2015-05-24,5.3372140575951414
2015-05-25,5.277474473709073
2015-05-26,5.537074432190041
2015-05-27,5.787694566727574
2015-05-28,6.171024761928137
2015-05-29,6.2389662619440145
2015-05-30,6.223586455073028
2015-05-31,4.884119850430369
2015-06-01,3.0947003908605546
2015-06-02,4.473078733981228
2015-06-03,5.106379130788482
2015-06-04,5.834459442772351
2015-06-05,7.027163101451872
2015-06-06,6.753029793291772
2015-06-07,7.192305656740341
2015-06-08,7.580471464977193
2015-06-09,7.595583748657199
2015-06-10,5.659339920639158
2015-06-11,7.311599572764798
2015-06-12,8.826668758387754
2015-06-13,7.897836234812078
2015-06-14,6.976655243892499
2015-06-15,6.808551183745782
2015-06-16,7.028567747473854
2015-06-17,7.416843377697071
2015-06-18,6.485358943511843
2015-06-19,6.771752561953611
2015-06-20,7.07344294159876
2015-06-21,5.516457262409232
2015-06-22,6.681473991066899
2015-06-23,6.4424948238624635
2015-06-24,7.374588540912551
2015-06-25,8.195741734889829
2015-06-26,7.853756822986243
2015-06-27,6.532376269961736
2015-06-28,5.798211418155443
2015-06-29,6.5381305296293375
2015-06-30,8.684212289315955
2015-07-01,8.316744127413651
2015-07-02,7.623347569506416
2015-07-03,7.354496564740854
2015-07-04,7.492086780213545
2015-07-05,5.9769214303642855
2015-07-06,5.690258316536249
2015-07-07,5.112812542034051
2015-07-08,5.692641457801301
2015-07-09,4.108385863891467
2015-07-10,2.2907551741260868
2015-07-11,3.6475588696246057
2015-07-12,4.593299992454114
2015-07-13,5.454766924648123
2015-07-14,5.760454502616156
2015-07-15,7.18344058449209
2015-07-16,7.078122500830405
2015-07-17,6.618130985758687
2015-07-18,6.039733765747437
2015-07-19,6.4822289861855555
2015-07-20,6.731919103434917
2015-07-21,6.871525925309718
2015-07-22,5.873490355525914
2015-07-23,4.88794862929455
2015-07-24,5.797453029584961
2015-07-25,6.399641252413036
2015-07-26,5.911596559150928
2015-07-27,6.881964658019824
2015-07-28,7.681264776196424
2015-07-29,7.973726639755347
2015-07-30,7.9486708930665095
2015-07-31,6.5931452667621455
2015-08-01,6.017447372915087
2015-08-02,5.211252024462762
2015-08-03,4.147372059982783
2015-08-04,3.713381565813857
2015-08-05,5.651685850255369
2015-08-06,6.573327743508047
2015-08-07,4.391770074592012
2015-08-08,5.966804335249283
2015-08-09,5.9134737515631866
2015-08-10,5.39231975271852
2015-08-11,4.590345798202679
2015-08-12,5.051934855932635
2015-08-13,4.905526150122674
2015-08-14,5.180955926416808
2015-08-15,6.470998727738697
2015-08-16,7.040489139618488
2015-08-17,7.288550876673913
2015-08-18,7.068151616690093
2015-08-19,5.127606211368083
2015-08-20,5.9612965290168916
2015-08-21,5.851144930268611
2015-08-22,5.482216548953433
2015-08-23,5.027690909983899
2015-08-24,4.916816935872414
2015-08-25,5.918550788273645
2015-08-26,5.765260633150464
2015-08-27,5.710632819571588
2015-08-28,5.370281360493338
2015-08-29,3.454279979305791
2015-08-30,3.9998397871495737
2015-08-31,5.008250240303367
2015-09-01,5.411033439473234
2015-09-02,4.204825113929444
2015-09-03,4.247333678668807
2015-09-04,4.061092436134492
2015-09-05,4.498488516441134
2015-09-06,5.261886156633633
2015-09-07,5.495152318630525
2015-09-08,5.976897706778738
2015-09-09,6.120445686212874
2015-09-10,6.195372124546388
2015-09-11,6.094792218735105
2015-09-12,5.674521910899608
2015-09-13,3.2908089267295257
2015-09-14,2.1994280339587853
2015-09-15,2.745701652095207
2015-09-16,2.422742136927032
2015-09-17,3.1967872118090703
2015-09-18,3.926527608663951
2015-09-19,4.842322492630783
2015-09-20,5.19764630205977
2015-09-21,5.007331158368699
2015-09-22,3.9550394544300844
2015-09-23,4.171757411634243
2015-09-24,4.49817435455108
2015-09-25,4.395595978967882
2015-09-26,4.194104403760984
2015-09-27,4.637129222801128
2015-09-28,4.344256676504847
2015-09-29,3.340799736071896
2015-09-30,3.3961934442298474
2015-10-01,2.9906718488797464
2015-10-02,4.085311073478649
2015-10-03,3.030069836849355
2015-10-04,4.099242968636716
2015-10-05,3.569198722756077
2015-10-06,3.3182649558093966
2015-10-07,3.3549835631489295
2015-10-08,3.7249557564550764
2015-10-09,3.5969907595994615
2015-10-10,3.0091737214270613
2015-10-11,3.4141864760071465
2015-10-12,3.9177346206955
2015-10-13,4.211306497760196
2015-10-14,3.9259264853082203
2015-10-15,3.592935843292348
2015-10-16,3.467147882322608
2015-10-17,1.6028324658406174
2015-10-18,2.066819922296404
2015-10-19,2.146464912428363
2015-10-20,2.953236557611316
2015-10-21,2.9945111308394647
2015-10-22,2.96029890404176
2015-10-23,2.669728673113268
2015-10-24,2.6881791585519137
2015-10-25,1.908012314219367
2015-10-26,2.5192112147261816
2015-10-27,1.403516647920075
2015-10-28,1.907171193536431
2015-10-29,2.199248918078461
2015-10-30,2.5369212173703706
2015-10-31,2.4590875167121498
2015-11-01,1.282090705892816
2015-11-02,1.514280200335493
2015-11-03,1.7182186575059961
2015-11-04,1.745423180998437
2015-11-05,1.650999047629543
2015-11-06,1.872960787405064
2015-11-07,1.8862045560046432
2015-11-08,1.1081160212971197
2015-11-09,0.8545562809724456
2015-11-10,1.357253021828279
2015-11-11,1.4121507485306704
2015-11-12,1.5066633722914122
2015-11-13,1.530084697285634
2015-11-14,1.4833884427522415
2015-11-15,1.0223440001752249
2015-11-16,1.1548669041068258
2015-11-17,1.1819466010360151
2015-11-18,1.3819444337131204
2015-11-19,1.3948348250503901
2015-11-20,1.3973787600813603
2015-11-21,1.3982737426704306
2015-11-22,1.3059608928474133
2015-11-23,1.3424242532971595
2015-11-24,0.7961109435506235
2015-11-25,0.9712196610841507
2015-11-26,0.8288357592878269
2015-11-27,0.7686504354499865
2015-11-28,0.7658982226903795
2015-11-29,0.7682506035368619
2015-11-30,0.8901795827164076
2015-12-01,1.0073354584536585
2015-12-02,0.8678856907172777
2015-12-03,0.8817827822604989
2015-12-04,0.8509448722731171
2015-12-05,0.8298790005991223
2015-12-06,0.8832462565505171
2015-12-07,0.6681144796441186
2015-12-08,0.7874053509368941
2015-12-09,0.681314424755308
2015-12-10,1.062607473818099
2015-12-11,0.6805205269805725
2015-12-12,0.768168367151813
2015-12-13,0.9807411930014126
2015-12-14,0.816565673907263
2015-12-15,0.8591062445587136
2015-12-16,0.8113431521861988
2015-12-17,0.7764074748044248
2015-12-18,0.6303904376197561
2015-12-19,0.7713139067071494
2015-12-20,0.6620062466469523
2015-12-21,0.8528928086930422
2015-12-22,0.9842838432899089
2015-12-23,0.7434057251565896
2015-12-24,0.5511317784510692
2015-12-25,0.7292359719276442
2015-12-26,0.5348580230630005
2015-12-27,0.5704986081210421
2015-12-28,0.8070756193973156
2015-12-29,0.6227278662370018
2015-12-30,0.8405579258666295
2015-12-31,0.5201090735133738
2016-01-01,0.5330997905291427
2016-01-02,0.8999988116085016
2016-01-03,0.7428146826125029
2016-01-04,0.7561346148605386
2016-01-05,0.6845036340038195
2016-01-06,0.655534004924076
2016-01-07,0.7974144278845807
2016-01-08,0.6233201450231706
2016-01-09,0.7283378986899145
2016-01-10,1.0350148231094294
2016-01-11,0.8071039281639425
2016-01-12,1.0028081061491065
2016-01-13,0.9755692152270259
2016-01-14,0.8094481234953516
2016-01-15,1.0122802565050726
2016-01-16,1.155010109300063
2016-01-17,0.8936712462309774
2016-01-18,0.8527338040250202
2016-01-19,1.0635403716556482
2016-01-20,1.041584457042114
2016-01-21,1.2631745029829387
2016-01-22,1.1440250981527833
2016-01-23,0.7169246531964399
2016-01-24,1.0043397997160328
2016-01-25,1.0067819957693678
2016-01-26,1.3492199363351858
2016-01-27,1.370669081570408
2016-01-28,0.9901823930930096
2016-01-29,1.1314864450361342
2016-01-30,1.0239444088087486
2016-01-31,1.034742110249661
2016-02-01,1.217738794901213
2016-02-02,1.1876747932117775
2016-02-03,0.9968563283554132
2016-02-04,1.3756763903942544
2016-02-05,1.5439042938735799
2016-02-06,1.9036771569881301
2016-02-07,1.943943701302022
2016-02-08,1.989986468825858
2016-02-09,2.159756775237554
2016-02-10,2.0393340203129964
2016-02-11,2.1566866438050556
2016-02-12,1.9155824754180097
2016-02-13,1.9407038138967523
2016-02-14,2.4010368075514936
2016-02-15,2.4255038497617303
2016-02-16,2.4627113266892584
2016-02-17,1.798450136775736
2016-02-18,1.1270462348884058
2016-02-19,1.2782525441469745
2016-02-20,1.7410124314775544
2016-02-21,1.9546527351511889
2016-02-22,2.167718264094447
2016-02-23,2.456698715641642
2016-02-24,2.316378279400934
2016-02-25,2.664658524736101
2016-02-26,2.16651464350476
2016-02-27,1.6741293477697565
2016-02-28,2.0355324351572697
2016-02-29,2.3491250478344368
2016-03-01,1.8394503305289853
2016-03-02,1.9061444825895024
2016-03-03,2.322472406820127
2016-03-04,2.1984591093286925
2016-03-05,1.6354421972932713
2016-03-06,1.252847060751374
2016-03-07,2.031688338668652
2016-03-08,1.3381073034543953
2016-03-09,1.9186742525543383
2016-03-10,1.4655868970853319
2016-03-11,1.8040650536737077
2016-03-12,1.1245416039489264
2016-03-13,1.343929502400116
2016-03-14,1.8386973120025654
2016-03-15,2.4503622138303003
2016-03-16,3.50380037519345
2016-03-17,3.6031304549730185
2016-03-18,3.4415264818998277
2016-03-19,2.3523639630761406
2016-03-20,1.9685499538975881
2016-03-21,1.536981229066733
2016-03-22,1.9615516058835973
2016-03-23,3.0135288509658356
2016-03-24,2.8201709902819245
2016-03-25,3.047522521811485
2016-03-26,3.1575750465536125
2016-03-27,2.571783861112557
2016-03-28,2.5579593852652556
2016-03-29,3.161070449193632
2016-03-30,3.431636461216357
2016-03-31,3.7784924064696037
2016-04-01,3.8259625314452217
2016-04-02,3.9164747888408993
2016-04-03,3.6394898395839905
2016-04-04,3.5089865487426346
2016-04-05,5.025419957096753
2016-04-06,5.697479952789512
2016-04-07,4.299026994421025
2016-04-08,3.2187364305181942
2016-04-09,2.250996914565103
2016-04-10,2.5643925115393147
2016-04-11,3.431278247194004
2016-04-12,2.746977063755787
2016-04-13,3.1609202775662086
2016-04-14,2.3352118083092015
2016-04-15,3.626160310665446
2016-04-16,5.153606094685722
2016-04-17,5.321069123454873
2016-04-18,5.314972399375007
2016-04-19,4.977996009285516
2016-04-20,4.04068845382766
2016-04-21,3.045424631569168
2016-04-22,1.7887403678502054
2016-04-23,2.829471282619985
2016-04-24,2.885124019581851
2016-04-25,3.4862613225363766
2016-04-26,3.7850894382537112
2016-04-27,2.9800513546453753
2016-04-28,4.425162689118095
2016-04-29,3.8345243035361287
2016-04-30,4.960222657055039
2016-05-01,5.385491975038806
2016-05-02,4.648619809905623
2016-05-03,4.719495046945521
2016-05-04,4.471040989169799
2016-05-05,2.500182705515247
2016-05-06,3.967680564303592
2016-05-07,3.2082856342726465
2016-05-08,3.791551937119202
2016-05-09,4.565394953649656
2016-05-10,5.37061987026921
2016-05-11,5.682241787021813
2016-05-12,5.68824582200889
2016-05-13,4.017926193997267
2016-05-14,3.09513483516514
2016-05-15,3.9361649868702346
2016-05-16,5.422324043260166
2016-05-17,6.315909344960334
2016-05-18,6.893174086039278
2016-05-19,3.780554971612837
2016-05-20,2.729912577027156
2016-05-21,2.294958095488381
2016-05-22,3.4803598160396856
2016-05-23,3.893292433280276
2016-05-24,3.7823475310411605
2016-05-25,4.651070758132466
2016-05-26,5.306797514668833
2016-05-27,5.665897596248852
2016-05-28,6.310627084118746
2016-05-29,6.240107775375019
2016-05-30,6.8392198744611115
2016-05-31,7.413926597069963
2016-06-01,7.380981950070086
2016-06-02,7.472304845274612
2016-06-03,7.7609005600873
2016-06-04,6.446550021634401
2016-06-05,7.640257183672589
2016-06-06,7.281554898991284
2016-06-07,5.701755541378305
2016-06-08,3.9616909875640856
2016-06-09,4.857457613372698
2016-06-10,4.551651794087955
2016-06-11,6.542660895509366
2016-06-12,6.654391384707289
2016-06-13,5.356183719488871
2016-06-14,3.883852251526381
2016-06-15,3.5918296177725066
2016-06-16,3.554631330524678
2016-06-17,3.01528813352891
2016-06-18,4.815777701309739
2016-06-19,5.902259038700943
2016-06-20,6.389214111408433
2016-06-21,6.8493526889277225
2016-06-22,6.571917457257895
2016-06-23,5.482998335507957
2016-06-24,6.335839760121541
2016-06-25,7.248945768471671
2016-06-26,7.5959021667548
2016-06-27,7.936394263268051
2016-06-28,7.505302802316215
2016-06-29,7.423585223246338
2016-06-30,7.84786464265219
2016-07-01,7.676500070162841
2016-07-02,7.194103002144482
2016-07-03,6.5465186110969
2016-07-04,6.30478014206581
2016-07-05,7.065058655688286
2016-07-06,6.525212011506355
2016-07-07,5.752760661542181
2016-07-08,5.070450130944538
2016-07-09,4.714162835540163
2016-07-10,4.723439988852037
2016-07-11,5.845878829480499
2016-07-12,5.887854304439156
2016-07-13,7.114149958574176
2016-07-14,7.878063811262324
2016-07-15,7.733052263833288
2016-07-16,6.983590410779187
2016-07-17,5.765921443322932
2016-07-18,4.385256053057242
2016-07-19,4.593442432048333
2016-07-20,5.923991269796261
2016-07-21,5.784135013424501
2016-07-22,6.622108577058473
2016-07-23,7.269555480171867
2016-07-24,7.440826332593502
2016-07-25,7.929666336130653
2016-07-26,7.9066961812530865
2016-07-27,8.033413561479824
2016-07-28,8.047828876227452
2016-07-29,8.043333845990883
2016-07-30,7.346851597585077
2016-07-31,6.206497486351726
2016-08-01,6.235823157947119
2016-08-02,7.2726419747144835
2016-08-03,7.186271679334278
2016-08-04,6.025548211008692
2016-08-05,5.581032518970193
2016-08-06,6.014665426590165
2016-08-07,6.022199007443337
2016-08-08,5.767016370092013
2016-08-09,6.019074417697954
2016-08-10,6.268072239916729
2016-08-11,6.506004679415545
2016-08-12,6.3716724923180355
2016-08-13,6.865520224073596
2016-08-14,6.805339328646395
2016-08-15,6.892423689656335
2016-08-16,7.1339554615507526
2016-08-17,7.043124973801291
2016-08-18,6.640026170687084
2016-08-19,6.1447241342707075
2016-08-20,6.182357711168076
2016-08-21,5.734893642899092
2016-08-22,6.00057749463533
2016-08-23,5.934832962945957
2016-08-24,5.955191636399025
2016-08-25,6.057338815058099
2016-08-26,5.221544543181137
2016-08-27,4.391220468702222
2016-08-28,4.989356759215177
2016-08-29,3.8911289114412946
2016-08-30,4.811658322759439
2016-08-31,4.796114564498913
2016-09-01,4.94915638341954
2016-09-02,4.755201541522591
2016-09-03,4.722613309659454
2016-09-04,4.435246916674347
2016-09-05,4.845603251007132
2016-09-06,5.317456430398815
2016-09-07,5.335530777280591
2016-09-08,4.81251724110754
2016-09-09,5.460829891678069
2016-09-10,5.410205981204005
2016-09-11,5.020560319669017
2016-09-12,4.058054586110124
2016-09-13,3.868337415669275
2016-09-14,3.9312596245085754
2016-09-15,4.808758484397989
2016-09-16,5.417441645919337
2016-09-17,5.453519987840606
2016-09-18,5.067146358112129
2016-09-19,4.770821037883554
2016-09-20,4.329997253304847
2016-09-21,3.174327593314491
2016-09-22,3.0889430049518225
2016-09-23,3.2830472475599906
2016-09-24,4.82145975543946
2016-09-25,5.7821326197538
2016-09-26,5.256689129673708
2016-09-27,5.257205666776951
2016-09-28,4.705896074167867
2016-09-29,3.6693974697954803
2016-09-30,2.5952397132052716
2016-10-01,2.8639404003499043
2016-10-02,2.168755779193212
2016-10-03,1.6243428302093468
2016-10-04,2.346452875394006
2016-10-05,2.60088613515342
2016-10-06,2.9789503095259464
2016-10-07,3.595912414791401
2016-10-08,3.7882663777640966
2016-10-09,3.6613636705257697
2016-10-10,3.066151334656096
2016-10-11,2.9253396207424234
2016-10-12,2.963365802598485
2016-10-13,1.7346091490447753
2016-10-14,1.409043687614812
2016-10-15,1.046347819193609
2016-10-16,1.0858972727467817
2016-10-17,1.2985412737382267
2016-10-18,1.9628281781240635
2016-10-19,2.2341682436691217
2016-10-20,2.5794875377427013
2016-10-21,2.3380393360419522
2016-10-22,2.244289500262011
2016-10-23,2.0684064504045145
2016-10-24,1.2180213187948825
2016-10-25,1.6848468982814948
2016-10-26,1.725451708391809
2016-10-27,1.1171919101890635
2016-10-28,1.5085279897687371
2016-10-29,1.311106760646715
2016-10-30,0.8902568793872631
2016-10-31,0.9361226542231035
2016-11-01,1.5465961118695246
2016-11-02,1.6377380301588835
2016-11-03,1.7838098244171883
2016-11-04,1.8383922765668823
2016-11-05,1.7949917102810824
2016-11-06,1.356513800381335
2016-11-07,1.70108845085551
2016-11-08,1.7969940793659802
2016-11-09,1.7524253106086711
2016-11-10,1.7551795538177069
2016-11-11,1.552388290864748
2016-11-12,1.4914517952165267
2016-11-13,1.6278937902815434
2016-11-14,1.5205385499432449
2016-11-15,1.1000848835123862
2016-11-16,1.1475003823767758
2016-11-17,1.2004252466367547
2016-11-18,1.4506441239880994
2016-11-19,0.9503231380596462
2016-11-20,1.0512746140639744
2016-11-21,1.1778316080932885
2016-11-22,0.9580015301631534
2016-11-23,0.9990017618519973
2016-11-24,0.9861243248673148
2016-11-25,0.8384768271006011
2016-11-26,0.8424313409020476
2016-11-27,0.8175594627891635
2016-11-28,0.963299125042001
2016-11-29,0.9720958753038643
2016-11-30,0.9552458386627728
2016-12-01,1.0106118994291517
2016-12-02,1.0872939266347583
2016-12-03,1.005406609915965
2016-12-04,1.0285567294499867
2016-12-05,0.7650665538483924
2016-12-06,0.8661217075402604
2016-12-07,0.6939208397817371
2016-12-08,0.6396252375310986
2016-12-09,0.709222129366581
2016-12-10,1.0226817059710143
2016-12-11,0.7169944816634303
2016-12-12,0.9002472229178857
2016-12-13,0.6651482973454229
2016-12-14,0.7816166575589453
2016-12-15,1.050142590802743
2016-12-16,0.7977881490584264
2016-12-17,0.7878615407486368
2016-12-18,0.6080904079766091
2016-12-19,0.6726042465448674
2016-12-20,0.8646472330158376
2016-12-21,0.8112561458916656
2016-12-22,0.7398374474226065
2016-12-23,0.6644933922651682
2016-12-24,0.618606288847051
2016-12-25,0.6308389595663016
2016-12-26,0.5434281660701489
2016-12-27,0.6570898473394416
2016-12-28,0.6803118936274821
2016-12-29,0.7954195749450278
2016-12-30,0.8873333089994361
2016-12-31,0.9616839861122765
2017-01-01,0.7133152993160701
2017-01-02,0.4691923191006229
2017-01-03,1.0434364983982627
2017-01-04,0.8344467705170555
2017-01-05,0.7718284788651427
2017-01-06,0.6292632435849054
2017-01-07,0.9347265438642929
2017-01-08,0.9973931603070262
2017-01-09,0.5064931516354599
2017-01-10,0.8367363684580691
2017-01-11,0.8060312890253858
2017-01-12,0.8681548861640686
2017-01-13,0.9619218853667049
2017-01-14,1.0573049509522106
2017-01-15,1.0306804049407579
2017-01-16,0.936434536081249
2017-01-17,0.9683700965837382
2017-01-18,0.8062095163868577
2017-01-19,0.6499648053115776
2017-01-20,0.5929155473893504
2017-01-21,0.5834918370207275
2017-01-22,0.8030296604507033
2017-01-23,0.8271318102971728
2017-01-24,1.05150464454638
2017-01-25,1.0992434912572857
2017-01-26,1.186644317525066
2017-01-27,1.1759165007053514
2017-01-28,1.209870806120922
2017-01-29,1.2079622655531008
2017-01-30,1.2728338409376536
2017-01-31,1.2954668935921434
2017-02-01,1.5513809851236589
2017-02-02,1.165138476058174
2017-02-03,0.6817777317886458
2017-02-04,0.6681502295878828
2017-02-05,1.153462287428118
2017-02-06,0.8109468743697228
2017-02-07,1.241834169301483
2017-02-08,1.331424417713376
2017-02-09,1.1711424857106143
2017-02-10,1.148526429056437
2017-02-11,1.6111518725323044
2017-02-12,1.8528188084262027
2017-02-13,1.8360804031702018
2017-02-14,2.168329007406802
2017-02-15,1.7195265988567052
2017-02-16,1.3391498338863885
2017-02-17,0.8760000861949142
2017-02-18,0.9121053508711804
2017-02-19,1.3483526007642652
2017-02-20,0.8682387292496944
2017-02-21,1.1992518847114997
2017-02-22,1.2028494174167743
2017-02-23,1.3187840982688652
2017-02-24,1.513383865668812
2017-02-25,1.4549807608073815
2017-02-26,1.1833958620191267
2017-02-27,1.5699976664468682
2017-02-28,1.7342503982320407
2017-03-01,2.2912317201610204
2017-03-02,2.5741434467465036
2017-03-03,1.917480203191454
2017-03-04,1.557251901967771
2017-03-05,0.8712520150604138
2017-03-06,1.1668455973433727
2017-03-07,1.452127786506037
2017-03-08,2.422226527902451
2017-03-09,2.539061774479623
2017-03-10,3.0349584363325754
2017-03-11,2.7966388571054113
2017-03-12,3.1949731030916135
2017-03-13,3.6796033068179343
2017-03-14,3.430713264533534
2017-03-15,1.796690166379842
2017-03-16,2.2601910815301642
2017-03-17,3.383048269702256
2017-03-18,1.9620260350352372
2017-03-19,2.3044263940625047
2017-03-20,1.997574129738997
2017-03-21,1.6713442979986624
2017-03-22,1.8306924301573861
2017-03-23,2.369074268177784
2017-03-24,2.0031475370254164
2017-03-25,2.3644826630484856
2017-03-26,1.7300998736389523
2017-03-27,2.244580354505788
2017-03-28,3.462029806088046
2017-03-29,3.450008723252886
2017-03-30,2.634874858348931
2017-03-31,3.5620377804945
2017-04-01,4.6703056458558505
2017-04-02,4.398515350644825
2017-04-03,3.750788848464434
2017-04-04,3.6850558143608128
2017-04-05,3.1060860074703673
2017-04-06,2.16868084909299
2017-04-07,2.089674373363029
2017-04-08,2.2957355470877014
2017-04-09,2.7343480613003774
2017-04-10,2.725137348644652
2017-04-11,2.094010324056919
2017-04-12,1.9570457286284069
2017-04-13,1.9884701379772602
2017-04-14,2.8036750967923365
2017-04-15,3.5459786926391748
2017-04-16,2.278109325148601
2017-04-17,2.72812715700837
2017-04-18,3.082061829267379
2017-04-19,2.933222914909829
2017-04-20,3.196249505796838
2017-04-21,4.6862518929377925
2017-04-22,3.056985134711749
2017-04-23,3.2183103592554656
2017-04-24,2.094347813770851
2017-04-25,2.2742437951684935
2017-04-26,2.530314155074953
2017-04-27,3.652753647075993
2017-04-28,4.358459048536933
2017-04-29,5.226888844284906
2017-04-30,5.180298105774864
2017-05-01,5.731653477783715
2017-05-02,5.880973109390061
2017-05-03,6.185591563861893
2017-05-04,5.564823083041998
2017-05-05,3.0092683279647185
2017-05-06,3.34062433670148
2017-05-07,5.197899845761691
2017-05-08,5.864668193814753
2017-05-09,6.093253922890775
2017-05-10,4.960087665596761
2017-05-11,2.6041759930043944
2017-05-12,2.8081301691849996
2017-05-13,3.173231156447304
2017-05-14,4.129888168913799
2017-05-15,4.0652685511576125
2017-05-16,2.620844530086071
2017-05-17,4.087031884781836
2017-05-18,5.818996067899192
2017-05-19,6.098017036510683
2017-05-20,6.709727860815841
2017-05-21,6.474006167254975
2017-05-22,7.000336611437319
2017-05-23,6.924138378544363
2017-05-24,5.710550889996765
2017-05-25,3.6475658271500904
2017-05-26,3.157243090215473
2017-05-27,4.168980269297778
2017-05-28,5.61965355078732
2017-05-29,5.399128308923088
2017-05-30,4.307646683350544
2017-05-31,4.669569968547267
2017-06-01,4.7445604066001
2017-06-02,5.958125017538635
2017-06-03,5.531115015902595
2017-06-04,5.308011339735131
2017-06-05,6.195319784848952
2017-06-06,5.869009501837556
2017-06-07,5.244678353214117
2017-06-08,2.9694078678743625
2017-06-09,3.776657865280046
2017-06-10,3.5595363467620538
2017-06-11,3.812055056711279
2017-06-12,4.237775175930991
2017-06-13,5.248569074310549
2017-06-14,5.906920380578593
2017-06-15,5.703628773225288
2017-06-16,5.943723985732658
2017-06-17,6.870013535896235
2017-06-18,8.63650368164307
2017-06-19,7.915260448747461
2017-06-20,7.25771019228517
2017-06-21,8.497400707147252
2017-06-22,9.206582143656995
2017-06-23,7.595562786352436
2017-06-24,6.728641377980206
2017-06-25,5.692161820612559
2017-06-26,4.756924644764667
2017-06-27,5.845972433746134
2017-06-28,6.773917794357687
2017-06-29,6.907409065856327
2017-06-30,6.4884290870715455
2017-07-01,6.418664130978027
2017-07-02,7.3789956239900985
2017-07-03,6.789591165100284
2017-07-04,7.013151715742564
2017-07-05,6.355061860396135
2017-07-06,7.404337429618323
2017-07-07,8.206553926596998
2017-07-08,7.7177892342952985
2017-07-09,7.638686294883502
2017-07-10,6.889132091506978
2017-07-11,6.996798069828406
2017-07-12,7.069748932623463
2017-07-13,6.753240719329467
2017-07-14,6.966606697265304
2017-07-15,7.557656543304062
2017-07-16,7.529188180302894
2017-07-17,6.710798356182702
2017-07-18,6.187254678485419
2017-07-19,6.010000529567018
2017-07-20,6.1674430290951765
2017-07-21,6.558742202442336
2017-07-22,7.932472052050619
2017-07-23,7.61222341679024
2017-07-24,6.18853242142536
2017-07-25,6.262889830061993
2017-07-26,6.115759956315601
2017-07-27,7.229205882734309
2017-07-28,6.9345053634128515
2017-07-29,7.358409458059442
2017-07-30,7.384214549423397
2017-07-31,7.302322587916447
2017-08-01,8.164649662630195
2017-08-02,8.081416021871728
2017-08-03,7.8033415369057515
2017-08-04,6.673202932889825
2017-08-05,6.392866930868636
2017-08-06,6.354977865529406
2017-08-07,6.467411924148535
2017-08-08,6.344953450580394
2017-08-09,5.774522044971406
2017-08-10,6.307207485132738
2017-08-11,6.148733200512567
2017-08-12,6.763775595694525
2017-08-13,5.765872942498192
2017-08-14,5.349859207176358
2017-08-15,5.54453355985103
2017-08-16,6.25187329568211
2017-08-17,6.076428748273297
2017-08-18,6.6843438375854305
2017-08-19,6.4651510126695335
2017-08-20,5.832212548997785
2017-08-21,4.488553912907906
2017-08-22,5.672581248144289
2017-08-23,6.382164438571158
2017-08-24,5.770558645884446
2017-08-25,6.199955815808008
2017-08-26,6.867920178341668
2017-08-27,7.126797834796154
2017-08-28,7.151284583616027
2017-08-29,6.4862682496391155
2017-08-30,5.884051743811559
2017-08-31,6.746909271480993
2017-09-01,0.0
